-- phpMyAdmin SQL Dump
-- version 5.2.0
-- https://www.phpmyadmin.net/
--
-- Host: 127.0.0.1:3306
-- Generation Time: Jun 18, 2023 at 06:42 PM
-- Server version: 8.0.31
-- PHP Version: 8.0.26

SET SQL_MODE = "NO_AUTO_VALUE_ON_ZERO";
START TRANSACTION;
SET time_zone = "+00:00";


/*!40101 SET @OLD_CHARACTER_SET_CLIENT=@@CHARACTER_SET_CLIENT */;
/*!40101 SET @OLD_CHARACTER_SET_RESULTS=@@CHARACTER_SET_RESULTS */;
/*!40101 SET @OLD_COLLATION_CONNECTION=@@COLLATION_CONNECTION */;
/*!40101 SET NAMES utf8mb4 */;

--
-- Database: `forum`
--

-- --------------------------------------------------------

--
-- Table structure for table `files`
--

DROP TABLE IF EXISTS `files`;
CREATE TABLE IF NOT EXISTS `files` (
  `id` int NOT NULL AUTO_INCREMENT,
  `name` varchar(255) CHARACTER SET latin1 COLLATE latin1_bin NOT NULL,
  `creation_date` datetime NOT NULL DEFAULT CURRENT_TIMESTAMP,
  `file` mediumblob NOT NULL,
  PRIMARY KEY (`id`)
) ENGINE=InnoDB AUTO_INCREMENT=5 DEFAULT CHARSET=latin1 COLLATE=latin1_bin;

--
-- Dumping data for table `files`
--

INSERT INTO `files` (`id`, `name`, `creation_date`, `file`) VALUES
(1, 'test', '2023-06-06 00:07:11', 0x74657374),
(2, 'test2', '2023-06-06 00:07:11', 0x7465737432),
(4, 'test1', '2023-06-14 15:34:16', 0x7465737431);

-- --------------------------------------------------------

--
-- Table structure for table `messages`
--

DROP TABLE IF EXISTS `messages`;
CREATE TABLE IF NOT EXISTS `messages` (
  `id` int NOT NULL AUTO_INCREMENT,
  `content` mediumtext CHARACTER SET utf16 COLLATE utf16_bin NOT NULL,
  `creation_date` datetime NOT NULL DEFAULT CURRENT_TIMESTAMP,
  `update_date` datetime DEFAULT NULL,
  `user_id` int NOT NULL,
  `topic_id` int NOT NULL,
  PRIMARY KEY (`id`),
  KEY `user_id` (`user_id`),
  KEY `topic_id` (`topic_id`)
) ENGINE=InnoDB AUTO_INCREMENT=171 DEFAULT CHARSET=latin1 COLLATE=latin1_bin;

--
-- Dumping data for table `messages`
--

INSERT INTO `messages` (`id`, `content`, `creation_date`, `update_date`, `user_id`, `topic_id`) VALUES
(1, 'Je suis fasciné par les progrès de l\'intelligence artificielle ! Pensez-vous que l\'IA finira par remplacer certains emplois traditionnels ? Quels secteurs seront les plus touchés selon vous ?', '2023-06-05 20:45:30', NULL, 1, 1),
(2, 'Je suis d\'accord avec toi, l\'IA est un sujet passionnant ! Je pense que les emplois les plus touchés seront ceux qui sont répétitifs et qui ne nécessitent pas de prise de décision. Par exemple, les caissiers dans les supermarchés.', '2023-06-05 20:45:31', NULL, 1, 1),
(3, 'Les IA sont déjà capables de battre les meilleurs joueurs d\'échecs et de Go. Je pense que les emplois qui nécessitent de la créativité et de l\'adaptation seront les moins touchés.', '2023-06-05 20:45:31', NULL, 1, 1),
(4, 'Découvrez les merveilles du monde à travers les voyages et le tourisme. Explorez des destinations uniques, des paysages à couper le souffle et plongez-vous dans de nouvelles cultures.', '2023-06-05 20:45:31', NULL, 1, 2),
(5, 'Plongez dans l\'aventure et l\'émerveillement grâce aux voyages et au tourisme. Élargissez vos horizons en visitant des endroits exotiques, des sites historiques et en goûtant aux saveurs locales.', '2023-06-05 20:45:31', NULL, 1, 2),
(6, 'Le voyage et le tourisme sont une porte ouverte vers l\'évasion et la découverte. Partez à la rencontre de nouveaux horizons, de paysages à couper le souffle et de moments inoubliables.', '2023-06-05 20:45:31', NULL, 1, 2),
(7, 'La santé mentale est un sujet qui me tient à coeur. Je pense que nous devrions tous prendre le temps de nous occuper de notre bien-être et de notre santé mentale.', '2023-06-05 20:45:31', NULL, 1, 3),
(8, 'Je suis d\'accord avec toi, la santé mentale est un sujet important. Je pense que nous devrions tous prendre le temps de nous occuper de notre bien-être et de notre santé mentale.', '2023-06-05 20:45:31', NULL, 1, 3),
(9, 'La santé mentale et le bien-être sont des éléments essentiels pour une vie équilibrée et épanouissante. Explorez des conseils, des pratiques de bien-être et des approches pour cultiver une bonne santé mentale et un équilibre émotionnel.', '2023-06-05 20:45:31', NULL, 1, 3),
(10, 'Les jeux vidéo sont un sujet qui me tient à coeur. Je pense que nous devrions tous prendre le temps de nous occuper de notre bien-être et de notre santé mentale.', '2023-06-05 20:45:31', NULL, 1, 4),
(11, 'Les jeux vidéo sont un univers captivant où l\'imagination prend vie. Découvrez les dernières sorties, des astuces et des recommandations pour vivre des expériences de jeu inoubliables et développer votre passion pour cette forme de divertissement interactives !', '2023-06-05 20:45:31', NULL, 1, 4),
(12, 'Plongez dans l\'univers fascinant des jeux vidéo. Explorez des mondes virtuels, défiez vos compétences, et découvrez les dernières sorties, astuces et recommandations pour vivre des expériences de jeu passionnantes.', '2023-06-05 20:45:31', NULL, 1, 4),
(13, 'L\'environnement et le changement climatique sont des sujets qui me tiennent à coeur. Je pense que nous devrions tous prendre le temps de nous occuper de notre bien-être et de notre santé mentale.', '2023-06-05 20:45:31', NULL, 1, 5),
(14, 'L\'environnement et le changement climatique sont des sujets qui me tiennent à coeur. Je pense que nous devrions tous prendre le temps de nous occuper de notre bien-être et de notre santé mentale.', '2023-06-05 20:45:31', NULL, 1, 5),
(15, 'L\'environnement et le changement climatique sont des sujets qui me tiennent à coeur. Je pense que nous devrions tous prendre le temps de nous occuper de notre bien-être et de notre santé mentale.', '2023-06-05 20:45:31', NULL, 1, 5),
(69, 'Use this: \nfunction formatRelativeTime(element) {\n    const date = new Date(element.innerHTML);\n    date.setHours(date.getHours() - 2);\n    const now = new Date();\n    const diff = now - date;\n    const seconds = Math.floor(diff / 1000);\n    const minutes = Math.floor(seconds / 60);\n    const hours = Math.floor(minutes / 60);\n    const days = Math.floor(hours / 24);\n\n    if (days > 0) {\n        element.innerHTML = days + \" days ago\";\n    } else if (hours > 0) {\n        element.innerHTML = hours + \" hours ago\";\n    } else if (minutes > 0) {\n        element.innerHTML = minutes + \" minutes ago\";\n    } else {\n        element.innerHTML = seconds + \" seconds ago\";\n    }\n}', '2023-06-17 17:06:39', NULL, 1, 71),
(133, 'Tu le fais pas 😭😭😭', '2023-06-18 18:51:01', NULL, 1, 70);

-- --------------------------------------------------------

--
-- Table structure for table `messages_files`
--

DROP TABLE IF EXISTS `messages_files`;
CREATE TABLE IF NOT EXISTS `messages_files` (
  `message_id` int NOT NULL,
  `file_id` int NOT NULL,
  PRIMARY KEY (`message_id`,`file_id`),
  KEY `file_id` (`file_id`)
) ENGINE=InnoDB DEFAULT CHARSET=latin1 COLLATE=latin1_bin;

--
-- Dumping data for table `messages_files`
--

INSERT INTO `messages_files` (`message_id`, `file_id`) VALUES
(1, 1),
(2, 1),
(1, 2);

-- --------------------------------------------------------

--
-- Table structure for table `permissions`
--

DROP TABLE IF EXISTS `permissions`;
CREATE TABLE IF NOT EXISTS `permissions` (
  `id` int NOT NULL AUTO_INCREMENT,
  `name` varchar(255) COLLATE latin1_bin NOT NULL,
  `description` varchar(255) COLLATE latin1_bin NOT NULL,
  PRIMARY KEY (`id`),
  UNIQUE KEY `name` (`name`)
) ENGINE=InnoDB AUTO_INCREMENT=28 DEFAULT CHARSET=latin1 COLLATE=latin1_bin;

--
-- Dumping data for table `permissions`
--

INSERT INTO `permissions` (`id`, `name`, `description`) VALUES
(1, 'change_own_nickname', 'Allow to change own user nickname'),
(2, 'change_own_avatar', 'Allow to change own user avatar'),
(3, 'change_own_description', 'Allow to change own user description'),
(4, 'change_any_nickname', 'Allow to change any user nickname'),
(5, 'delete_any_avatar', 'Allow to delete any user avatar'),
(6, 'delete_any_description', 'Allow to delete any user description'),
(7, 'delete_user', 'Allow to delete any user'),
(8, 'send_messages', 'Allow to send messages'),
(9, 'edit_messages', 'Allow to edit own messages'),
(10, 'delete_own_messages', 'Allow to delete own messages'),
(11, 'react_messages', 'Allow to react to any messages'),
(12, 'delete_any_messages', 'Allow to delete any messages'),
(13, 'upload_files', 'Allow to upload files'),
(14, 'download_files', 'Allow to download any files'),
(15, 'delete_any_files', 'Allow to delete any files'),
(16, 'create_topics', 'Allow to create topics'),
(17, 'delete_own_topics', 'Allow to delete own topics'),
(18, 'edit_own_topics', 'Allow to edit own topics'),
(19, 'follow_topics', 'Allow to follow topics'),
(20, 'delete_any_topics', 'Allow to delete any topics'),
(21, 'edit_any_topics', 'Allow to edit any topics'),
(22, 'create_roles', 'Allow to create roles'),
(23, 'delete_roles', 'Allow to delete roles'),
(24, 'edit_roles', 'Allow to edit roles'),
(25, 'assign_roles', 'Allow to assign roles'),
(26, 'unassign_roles', 'Allow to unassign roles');

-- --------------------------------------------------------

--
-- Table structure for table `roles`
--

DROP TABLE IF EXISTS `roles`;
CREATE TABLE IF NOT EXISTS `roles` (
  `id` int NOT NULL AUTO_INCREMENT,
  `name` varchar(32) COLLATE latin1_bin NOT NULL,
  `color` varchar(32) COLLATE latin1_bin NOT NULL,
  PRIMARY KEY (`id`),
  UNIQUE KEY `name` (`name`)
) ENGINE=InnoDB AUTO_INCREMENT=5 DEFAULT CHARSET=latin1 COLLATE=latin1_bin;

--
-- Dumping data for table `roles`
--

INSERT INTO `roles` (`id`, `name`, `color`) VALUES
(1, 'admin', '#e74c3c'),
(2, 'moderator', '#e67e22'),
(3, 'user', '#99aab5'),
(4, 'guest', '#2c2f33');

-- --------------------------------------------------------

--
-- Table structure for table `roles_permissions`
--

DROP TABLE IF EXISTS `roles_permissions`;
CREATE TABLE IF NOT EXISTS `roles_permissions` (
  `role_id` int NOT NULL,
  `permission_id` int NOT NULL,
  PRIMARY KEY (`role_id`,`permission_id`),
  KEY `permission_id` (`permission_id`)
) ENGINE=InnoDB DEFAULT CHARSET=latin1 COLLATE=latin1_bin;

--
-- Dumping data for table `roles_permissions`
--

INSERT INTO `roles_permissions` (`role_id`, `permission_id`) VALUES
(1, 1),
(2, 1),
(3, 1),
(1, 2),
(2, 2),
(3, 2),
(1, 3),
(2, 3),
(3, 3),
(1, 4),
(2, 4),
(1, 5),
(2, 5),
(1, 6),
(2, 6),
(1, 7),
(1, 8),
(2, 8),
(3, 8),
(1, 9),
(2, 9),
(3, 9),
(1, 10),
(2, 10),
(3, 10),
(1, 11),
(2, 11),
(3, 11),
(1, 12),
(2, 12),
(1, 13),
(2, 13),
(3, 13),
(1, 14),
(2, 14),
(3, 14),
(1, 15),
(3, 15),
(1, 16),
(2, 16),
(3, 16),
(1, 17),
(2, 17),
(3, 17),
(1, 18),
(2, 18),
(3, 18),
(1, 19),
(2, 19),
(3, 19),
(1, 20),
(2, 20),
(1, 21),
(2, 21),
(1, 22),
(1, 23),
(1, 24),
(1, 25),
(1, 26);

-- --------------------------------------------------------

--
-- Table structure for table `tag`
--

DROP TABLE IF EXISTS `tag`;
CREATE TABLE IF NOT EXISTS `tag` (
  `id` int NOT NULL AUTO_INCREMENT,
  `name` varchar(255) CHARACTER SET latin1 COLLATE latin1_bin NOT NULL,
  `color` varchar(32) CHARACTER SET latin1 COLLATE latin1_bin NOT NULL,
  PRIMARY KEY (`id`),
  UNIQUE KEY `name` (`name`)
) ENGINE=InnoDB AUTO_INCREMENT=26 DEFAULT CHARSET=latin1 COLLATE=latin1_bin;

--
-- Dumping data for table `tag`
--

INSERT INTO `tag` (`id`, `name`, `color`) VALUES
(1, 'IA', '#312876'),
(2, 'Voyage', '#765728'),
(3, 'Tourisme', '#452876'),
(4, 'Santé mentale', '#764928'),
(5, 'Bien-être', '#5F2876'),
(6, 'Jeux vidéo', '#762853'),
(13, 'developer', '#337628'),
(14, 'golang', '#286576'),
(15, 'mux', '#28763A'),
(16, 'web', '#764228'),
(17, 'javascript', '#762876'),
(24, 'aza', '#752848'),
(25, 'az', '#752867');

-- --------------------------------------------------------

--
-- Table structure for table `topic`
--

DROP TABLE IF EXISTS `topic`;
CREATE TABLE IF NOT EXISTS `topic` (
  `id` int NOT NULL AUTO_INCREMENT,
  `name` varchar(255) CHARACTER SET utf16 COLLATE utf16_bin NOT NULL,
  `description` mediumtext CHARACTER SET utf16 COLLATE utf16_bin,
  `private` tinyint(1) NOT NULL DEFAULT '0',
  `creation_date` datetime NOT NULL DEFAULT CURRENT_TIMESTAMP,
  `nb_views` int NOT NULL DEFAULT '1',
  `user_id` int NOT NULL,
  PRIMARY KEY (`id`),
  UNIQUE KEY `name` (`name`),
  KEY `user_id` (`user_id`)
) ENGINE=InnoDB AUTO_INCREMENT=128 DEFAULT CHARSET=latin1 COLLATE=latin1_bin;

--
-- Dumping data for table `topic`
--

INSERT INTO `topic` (`id`, `name`, `description`, `private`, `creation_date`, `nb_views`, `user_id`) VALUES
(1, 'L\'intelligence artificielle et son impact sur la société', ' L\'intelligence artificielle a un impact profond sur la société, automatisant des tâches, transformant l\'emploi et influençant notre vie quotidienne. Elle soulève des questions sur la confidentialité des données et l\'autonomie individuelle, tout en offrant des possibilités dans la santé et les sciences.', 0, '2023-06-05 20:45:07', 93, 1),
(2, 'Les voyages et le tourisme', 'Les voyages et le tourisme sont des activités qui impliquent de se déplacer et d\'explorer de nouveaux endroits à des fins de loisirs, de détente, de découverte culturelle ou de divertissement. Ces activités ont un impact significatif sur les individus, les communautés et les économies. Les voyages permettent de découvrir de nouvelles cultures, de rencontrer des personnes différentes et d\'élargir nos horizons. Ils contribuent également au développement économique en créant des emplois dans l\'industrie du tourisme et en stimulant les dépenses locales. Cependant, le tourisme de masse peut avoir des conséquences néfastes, telles que la surpopulation, la dégradation de l\'environnement et la perte de la culture locale. Il est donc essentiel de promouvoir un tourisme durable et responsable, respectant à la fois les destinations et les communautés visitées.', 0, '2023-06-05 20:45:07', 133, 1),
(3, 'La santé mentale et le bien-être', 'La santé mentale et le bien-être sont des aspects essentiels de notre vie quotidienne. Ils se réfèrent à notre état émotionnel, psychologique et social, ainsi qu\'à notre capacité à faire face aux défis et à trouver un équilibre dans nos vies. La santé mentale et le bien-être sont cruciaux pour notre bonheur et notre qualité de vie. Ils peuvent être influencés par de nombreux facteurs tels que le stress, les relations interpersonnelles, l\'environnement, les habitudes de vie et les ressources disponibles pour obtenir un soutien. Il est important de promouvoir une prise de conscience et une compréhension accrues de la santé mentale, de lutter contre la stigmatisation associée aux troubles mentaux et de fournir un accès adéquat aux soins et aux ressources nécessaires pour favoriser le bien-être général.', 0, '2023-06-05 20:45:07', 51, 1),
(4, 'Les jeux vidéo', 'Les jeux vidéo sont des formes de divertissement interactives qui impliquent l\'utilisation d\'appareils électroniques pour jouer à des jeux virtuels. Ils sont devenus une industrie majeure avec une base de fans mondiale. Les jeux vidéo offrent une expérience immersive, stimulante et divertissante, permettant aux joueurs de s\'engager dans des mondes virtuels, de relever des défis et d\'interagir avec d\'autres joueurs. Ils peuvent être joués sur une variété de plateformes, des consoles de jeux aux ordinateurs et aux appareils mobiles. Cependant, l\'utilisation excessive ou addictive des jeux vidéo peut avoir des conséquences négatives sur la santé mentale, les habitudes de vie et les relations interpersonnelles. Il est donc essentiel de promouvoir une utilisation responsable des jeux vidéo en équilibrant le temps passé devant l\'écran avec d\'autres activités, en établissant des limites et en favorisant une approche saine et équilibrée du jeu.', 0, '2023-06-05 20:45:07', 632, 1),
(5, 'L\'environnement et le changement climatique', 'Le changement climatique menace notre environnement et notre survie. Nous devons agir rapidement pour réduire les émissions de gaz à effet de serre et promouvoir des pratiques durables afin de protéger notre planète.', 0, '2023-06-05 20:45:07', 12, 1),
(70, 'Comment faire le routage avec mux ?', 'Bonjour, je suis actuellement en train d\'essayer de développer un site avec du Golang en backend (ne me demandez pas pourquoi 😭), et j\'ai un problème j\'essaye de faire mon routage pour le /topic/{id} sauf que le routage ne fonctionne pas, quelqu\'un aurait une idée de pourquoi ?', 0, '2023-06-16 22:21:05', 12, 1),
(71, 'How to format date in JS', 'I\'m currently trying to transform my SQL date format : \n2023-06-16 22:21:05 +0000 UTC\nto a more cooler format like 2 days ago or 27 minutes ago.\nAnyone know how can i do this ?', 0, '2023-06-16 22:49:27', 7, 1),
(85, 'How do i make a not equal if with go template web', 'I\'m currently trying to make an if statement in html template with golang, you know with the {{if .Value}}\nBut i don\'t know how can i can i make an not equal statement, I\'ve tried != but it doesn\'t work, any idea ?', 1, '2023-06-17 16:02:30', 2, 1);

-- --------------------------------------------------------

--
-- Table structure for table `topic_tags`
--

DROP TABLE IF EXISTS `topic_tags`;
CREATE TABLE IF NOT EXISTS `topic_tags` (
  `topic_id` int NOT NULL,
  `tag_id` int NOT NULL,
  PRIMARY KEY (`topic_id`,`tag_id`),
  KEY `tag_id` (`tag_id`)
) ENGINE=InnoDB DEFAULT CHARSET=latin1 COLLATE=latin1_bin;

--
-- Dumping data for table `topic_tags`
--

INSERT INTO `topic_tags` (`topic_id`, `tag_id`) VALUES
(1, 1),
(5, 1),
(2, 2),
(2, 3),
(3, 4),
(3, 5),
(4, 6),
(70, 13),
(71, 13),
(85, 13),
(70, 14),
(85, 14),
(70, 15),
(71, 16),
(85, 16),
(71, 17),
(92, 24),
(92, 25);

-- --------------------------------------------------------

--
-- Table structure for table `users`
--

DROP TABLE IF EXISTS `users`;
CREATE TABLE IF NOT EXISTS `users` (
  `id` int NOT NULL AUTO_INCREMENT,
  `email` varchar(255) CHARACTER SET latin1 COLLATE latin1_bin NOT NULL,
  `password` varchar(255) CHARACTER SET latin1 COLLATE latin1_bin NOT NULL,
  `username` varchar(32) CHARACTER SET latin1 COLLATE latin1_bin NOT NULL,
  `register_date` datetime NOT NULL DEFAULT CURRENT_TIMESTAMP,
  `description` varchar(255) CHARACTER SET latin1 COLLATE latin1_bin DEFAULT NULL,
  `birth_date` date DEFAULT NULL,
  `profile_picture` mediumblob,
  PRIMARY KEY (`id`),
  UNIQUE KEY `email` (`email`),
  UNIQUE KEY `username` (`username`)
) ENGINE=InnoDB AUTO_INCREMENT=804 DEFAULT CHARSET=latin1 COLLATE=latin1_bin;

--
-- Dumping data for table `users`
--

INSERT INTO `users` (`id`, `email`, `password`, `username`, `register_date`, `description`, `birth_date`, `profile_picture`) VALUES
(1, 'valentinlamine@proton.me', '$2a$10$fYTlIiwld9bLV7zLAh/E4e1DgqYKGN4k3ISAQZ2ll3OFYq44khUeq', 'Valouz', '2023-06-05 20:44:20', NULL, '1984-06-09', NULL),
(2, 'mistersquare7@gmail.com', '$2a$10$fYTlIiwld9bLV7zLAh/E4e1DgqYKGN4k3ISAQZ2ll3OFYq44khUeq', 'Mistersquare7', '2023-06-05 20:44:20', NULL, '1993-10-30', NULL),
(3, 'Bot@bot.com', '$2a$10$fYTlIiwld9bLV7zLAh/E4e1DgqYKGN4k3ISAQZ2ll3OFYq44khUeq', 'AnnehidAlgo', '2023-06-13 16:38:27', NULL, '1999-10-19', NULL),
(4, 'Mariah77@hotmail.com', '$2a$10$fYTlIiwld9bLV7zLAh/E4e1DgqYKGN4k3ISAQZ2ll3OFYq44khUeq', 'XanderSipes', '2023-06-05 20:44:20', NULL, '1999-10-05', NULL),
(5, 'Cary_Davis67@yahoo.com', '$2a$10$fYTlIiwld9bLV7zLAh/E4e1DgqYKGN4k3ISAQZ2ll3OFYq44khUeq', 'LilyanBoyle17', '2023-06-05 20:44:20', NULL, '1999-07-22', NULL),
(6, 'Rogers_Maggio93@hotmail.com', '$2a$10$fYTlIiwld9bLV7zLAh/E4e1DgqYKGN4k3ISAQZ2ll3OFYq44khUeq', 'JonathanMosciski', '2023-06-05 20:44:20', NULL, '1991-09-22', NULL),
(7, 'Columbus_Reilly58@hotmail.com', '$2a$10$fYTlIiwld9bLV7zLAh/E4e1DgqYKGN4k3ISAQZ2ll3OFYq44khUeq', 'Hertha77', '2023-06-05 20:44:20', NULL, '1982-08-21', NULL),
(8, 'Macey.Heathcote61@gmail.com', '$2a$10$fYTlIiwld9bLV7zLAh/E4e1DgqYKGN4k3ISAQZ2ll3OFYq44khUeq', 'Ollie33', '2023-06-05 20:44:20', NULL, '1996-12-12', NULL),
(9, 'Clair_Rippin@yahoo.com', '$2a$10$fYTlIiwld9bLV7zLAh/E4e1DgqYKGN4k3ISAQZ2ll3OFYq44khUeq', 'Jovani35', '2023-06-05 20:44:20', NULL, '1998-11-30', NULL),
(10, 'Sandrine_Greenfelder89@gmail.com', '$2a$10$fYTlIiwld9bLV7zLAh/E4e1DgqYKGN4k3ISAQZ2ll3OFYq44khUeq', 'KenyaBlick76', '2023-06-05 20:44:20', NULL, '1987-10-30', NULL),
(411, 'Chad85@yahoo.com', '$2a$10$8tQaperV68NNk.lXooYB4egc8BnSS7aitKsYyNovncDkWDhhuilqS', 'Wilma73', '2023-06-13 16:38:27', NULL, '1991-05-02', NULL),
(412, 'Barton62@gmail.com', '$2a$10$2YRgrm6LAnETTtl3Utz06eJDx0q9mYCag1fhQhGLrQifhEK3HzTgq', 'Modesta75', '2023-06-13 16:38:27', NULL, '1995-12-09', NULL),
(413, 'Kody.Fahey76@gmail.com', '$2a$10$Tt4iH25HWL.SePBBMpalVOuB2Se9lvkuJml/zNL369Q5Pil2tggIW', 'MichaelDouglas66', '2023-06-13 16:38:27', NULL, '1985-07-07', NULL),
(414, 'Carlos43@gmail.com', '$2a$10$X0OC6iPrN45U9IiDEYRv3u4wbroalzQPZ7dXWkpWGapWpb8BnEPDe', 'DannieVon75', '2023-06-13 16:38:27', NULL, '1998-03-17', NULL),
(415, 'Stella2@hotmail.com', '$2a$10$UOGdEzLNijhkHYpHpgN73Ox3QLREA1OenpTuIRpr49Ii0u40Dl0tq', 'Eveline10', '2023-06-13 16:38:27', NULL, '1997-12-05', NULL),
(416, 'Alayna_Upton@hotmail.com', '$2a$10$DC3OKPLLt3MxTQ.Vess/EOlx48Y2M1lN80/wqOy0YMXkiBlnko1qi', 'OrionBins18', '2023-06-13 16:38:27', NULL, '1991-05-01', NULL),
(417, 'Colten_Stehr10@gmail.com', '$2a$10$MHtv8RUpRosmyhwUfTcS2ux6RqdOXdfuSff..N0Z8qIAVgXXOugBu', 'FinnMoen3', '2023-06-13 16:38:27', NULL, '1985-03-24', NULL),
(418, 'Mathilde24@gmail.com', '$2a$10$rSKQDRzOa.hq6AomW/jX5u0eokuc.MD.6JfWzzJ4mYsMop76mZIJu', 'ElvieWehner90', '2023-06-13 16:38:27', NULL, '1982-03-21', NULL),
(419, 'Jermain.Hamill45@hotmail.com', '$2a$10$crd4BHFmORd0B44xcyUeKOLRghkVTvaFtpYBze9FnBpjLez0Eo3.6', 'MckenzieKing', '2023-06-13 16:38:27', NULL, '1989-09-25', NULL),
(420, 'Jamal.Harris4@gmail.com', '$2a$10$tfGDAfdPYdwxTYE0AEb7Z.2bIGCAO57Hdl4U/P1VcGf0US6bFOD8u', 'TatumHettinger', '2023-06-13 16:38:27', NULL, '1989-03-24', NULL),
(421, 'Ashleigh50@hotmail.com', '$2a$10$aS5mnqfOphok32ZRxrhID.0kA.cLRUxQ9wW2PisB9/pcyEkm.CHka', 'GeovanyEmard', '2023-06-13 16:38:27', NULL, '1994-03-15', NULL),
(422, 'Greyson50@hotmail.com', '$2a$10$LU8anI1Ddu58T1oH6XU2Fu7jCHyJq2/HCd6h6q1MXHJwd5rJBGxdu', 'FavianLittle', '2023-06-13 16:38:27', NULL, '1999-01-26', NULL),
(423, 'Amaya_Heller61@yahoo.com', '$2a$10$9T15djGt1MkTlJS4zd8f7u.a2UKBdKhe4S.ZN8.p/8eCrhaypWgX6', 'JoshuahWeimann', '2023-06-13 16:38:27', NULL, '1985-10-28', NULL),
(424, 'Kurt.Wehner@gmail.com', '$2a$10$Pu00.TxyWmNv0AyV6ceHgOo6UEoAolNDi0jR3PcJi7a3uOnricz6G', 'JayceeWalker79', '2023-06-13 16:38:27', NULL, '1999-06-23', NULL),
(425, 'Fredrick_Macejkovic@yahoo.com', '$2a$10$7C4wTb2tHQuypmwRS23pvuEfQepEiPnlUjGzUEF2Nl1kqnGajH2lG', 'Tatyana70', '2023-06-13 16:38:27', NULL, '1984-07-26', NULL),
(426, 'Clemmie32@gmail.com', '$2a$10$vX4CeURVwkMw9ZFQC1ZjTuFzfdcg91qgDNmYbpvX2K749EQ89omI.', 'Constantin94', '2023-06-13 16:38:27', NULL, '1987-10-11', NULL),
(427, 'Doyle73@gmail.com', '$2a$10$CJ/o2APHAKNlGFlF3cggiOCtPtU6ztFfIBPpENlFCqGB3Y5OzwhTa', 'Gabriella3', '2023-06-13 16:38:27', NULL, '1989-09-11', NULL),
(428, 'Saige_Roob@hotmail.com', '$2a$10$dMYy6asplG5vXkQabMVcpO3q4eazcEkAF7N1xCegAwg5f/Hzb12dK', 'Jerrold17', '2023-06-13 16:38:27', NULL, '1983-03-07', NULL),
(429, 'Darian.Mills59@gmail.com', '$2a$10$Z2.QZVbi2f7VcWSX8zK5puS6MSY7HQQvXDtzbfdp/30CKIYWPF2hO', 'Nikita70', '2023-06-13 16:38:27', NULL, '1998-10-14', NULL),
(430, 'Benny_Kovacek@gmail.com', '$2a$10$mRpUURPezyFOOx.rsuiIyuLlwsNoMHI0k2gwJ./p1RMs5TNsZOJxO', 'TyreeKovacek', '2023-06-13 16:38:27', NULL, '1994-08-10', NULL),
(431, 'Celine.Huel80@yahoo.com', '$2a$10$IUrcOrHfmSJT/98J5ukg9ezfUCLuxjYM/Cpl9uiwwqAMj/yL88Doq', 'MagnusBashirian33', '2023-06-13 16:38:27', NULL, '1999-07-12', NULL),
(432, 'Toney8@hotmail.com', '$2a$10$S9IyRgtpo7aEUoCbyJ6hPu6Q8Z8Rvd5.t9NFJnV1jvzv6OxRieoU6', 'GusKlein45', '2023-06-13 16:38:27', NULL, '1995-11-14', NULL),
(433, 'Maynard87@hotmail.com', '$2a$10$4mXBb.7nSiFvxWbshGn0FeP6QBclPKaf5kgWsVfhbjggjKoQwmAK6', 'DarbyKerluke', '2023-06-13 16:38:27', NULL, '1986-01-23', NULL),
(434, 'Nola_Moore18@hotmail.com', '$2a$10$6EoxK.kMaZwDKYdavGzha.DAqMfasisjK7G./yUfw6OGcaItnPiz2', 'Ursula96', '2023-06-13 16:38:27', NULL, '1997-10-05', NULL),
(435, 'Esteban_Huels@gmail.com', '$2a$10$i4LKmQt2i6q0wzJ21vu2iuy7IbGMpm9nPOH0fWRnIePGS.gyvuMoC', 'EleanoreDonnelly', '2023-06-13 16:38:27', NULL, '1982-07-03', NULL),
(436, 'Theresia_Abbott70@hotmail.com', '$2a$10$dqxUuZfzMg1Ehu15DBelIOGDp1sqh30vdnnLlqVtS6fuBZABeFqhe', 'WilsonSmitham22', '2023-06-13 16:38:27', NULL, '1988-11-05', NULL),
(437, 'Wellington.Purdy@yahoo.com', '$2a$10$4aeyBCaJXvhbq0PJ1n.gk.n0CWtNq9ezCeHo1wUowAg0RWQigac3W', 'EdCormier75', '2023-06-13 16:38:27', NULL, '1996-12-10', NULL),
(438, 'Alessandra.Nikolaus@hotmail.com', '$2a$10$HVNqVlvLA2WXIWw3jEYgC.YOzDojTvIu4tMSde8uY7VjTeO5F0APS', 'Pasquale86', '2023-06-13 16:38:27', NULL, '1982-03-25', NULL),
(439, 'Gage79@yahoo.com', '$2a$10$5elGbm.D55r6NOFc2bBwvOE.ab3DOelMtD.d1zNRm2tw4WeLGDBVS', 'WaltonDietrich', '2023-06-13 16:38:27', NULL, '1984-06-09', NULL),
(440, 'Halie77@hotmail.com', '$2a$10$znUvlZEzQYMje8OG9s8u4.d/5Bf0848BWalzx0PJKyygOSz7w5JUW', 'Lolita49', '2023-06-13 16:38:27', NULL, '1982-08-19', NULL),
(441, 'Edythe82@hotmail.com', '$2a$10$ZPnNT8s7.tBEtHcRcKFMh.mfRWqecTzsS9IDEl0LXILJ71q6WglcO', 'PaulineJaskolski', '2023-06-13 16:38:27', NULL, '1982-05-12', NULL),
(442, 'Jordy_Lowe49@hotmail.com', '$2a$10$es52jqhgsDJ0ZGBDfScCweteKJtOfmQYYfn4w/iD72WWD8o0vYiAC', 'EdwinBashirian', '2023-06-13 16:38:27', NULL, '1994-08-10', NULL),
(443, 'Baylee38@gmail.com', '$2a$10$gORlJn5N0ZEXs5E1DOedruvKSrn11MjdSARjWaVM/lS2xGaXVzjwm', 'Tyler53', '2023-06-13 16:38:27', NULL, '1984-01-23', NULL),
(444, 'Jevon.Kshlerin@hotmail.com', '$2a$10$/k/fitlH42BCUHezCvM3ouP4qKBpUin3J8jp8uL6aw0frsHvtYCnm', 'Carolyn81', '2023-06-13 16:38:27', NULL, '1994-01-05', NULL),
(445, 'Louvenia_Heathcote19@hotmail.com', '$2a$10$6s6mnMuyiVrtgzYyLraDf.gVIjC0hbOYXw27h.lARUi.8vjWLx30u', 'Ricky75', '2023-06-13 16:38:27', NULL, '1983-05-02', NULL),
(446, 'Felton92@hotmail.com', '$2a$10$JcphyHlTJk/Yi8HOpGr4NO/wh7rahutny.4zRx6RCrE0R0rlt1Hfe', 'Jerod36', '2023-06-13 16:38:27', NULL, '1998-11-16', NULL),
(447, 'Abraham74@yahoo.com', '$2a$10$iaA52hZHrLq9y.3sxAuy4.wd/yrywDgu81ohfQdVefNnUaf2geIzm', 'AssuntaKeeling33', '2023-06-13 16:38:27', NULL, '1983-09-13', NULL),
(448, 'Susanna_Rosenbaum69@yahoo.com', '$2a$10$9SKBXT4lSpvRi5wvVSiQ5OsMMoNy2vsmrTCCV5rlh2geonnTwRQKi', 'GerdaMaggio77', '2023-06-13 16:38:27', NULL, '1989-07-17', NULL),
(449, 'Armand_Schroeder@hotmail.com', '$2a$10$IGLuvdYxuVPzNmUmtdps5erQ5tMwKdFiNYQD3./ZQ22jgeAuF7kY2', 'ThadKing74', '2023-06-13 16:38:27', NULL, '1983-02-12', NULL),
(450, 'Nia_Donnelly@hotmail.com', '$2a$10$XhN8qo82i2i/kQM1vUezYuZcZ5LmGVe6lgqZZ.4XysG6xJl3wdOhq', 'Shane57', '2023-06-13 16:38:27', NULL, '1993-02-24', NULL),
(451, 'Daphnee.Deckow@gmail.com', '$2a$10$mnc9vw0hXb.kZaItzgJNreeaB.fwa9iDzfEfn8ICfusdo77OZI./m', 'Sibyl41', '2023-06-13 16:38:27', NULL, '1987-11-13', NULL),
(452, 'Lucinda_Kiehn94@gmail.com', '$2a$10$IAHUpmG4Rs/.slTwM6st5.CLrkKjJxxKfQx/MRE0a.tgYb1q0E2ki', 'BrettWaelchi', '2023-06-13 16:38:27', NULL, '1996-03-06', NULL),
(453, 'Khalil_Auer39@gmail.com', '$2a$10$lnoGBugrM8cB4/CZk9O9yODHq5R/cIdK49.g6GjroGuXU2dLj6xZi', 'HelenaPacocha1', '2023-06-13 16:38:27', NULL, '1983-12-18', NULL),
(454, 'Bert.Fadel@yahoo.com', '$2a$10$FwHiucLyCkP8.TH1ar9qgO2/0jGVkZwUuhBBPvXqc2FLB5YG3yBfu', 'QuentinRolfson', '2023-06-13 16:38:27', NULL, '1986-01-22', NULL),
(455, 'Christ.Konopelski73@yahoo.com', '$2a$10$NLTJeZOkPxjFwbKCBJbQ..YvlfOYXjaqsQKhcjV6rWLEA/4y4j.My', 'AurelioFranecki68', '2023-06-13 16:38:27', NULL, '1998-10-03', NULL),
(456, 'Reymundo.Renner@gmail.com', '$2a$10$438fWmcbXjPd/8LSr5f1kucyNbZi5o5nFDbwmDEnilfpkjeKXUZy2', 'NaomieQuigley80', '2023-06-13 16:38:27', NULL, '1992-06-12', NULL),
(457, 'Hassan_Heathcote28@hotmail.com', '$2a$10$pm2FDZhwqbsDhCINyt6G2O9pw9oMLOkvADuzbM8Z4WwdY5U9dkX5O', 'DanikaCassin', '2023-06-13 16:38:27', NULL, '1987-01-04', NULL),
(458, 'Adrianna.Lehner96@gmail.com', '$2a$10$Xt5ayOonWKE3Yvlas0reX.4r01BC5GJu0cYzVQqIGSZ.kiyfJZVNy', 'Cristian75', '2023-06-13 16:38:27', NULL, '1982-01-31', NULL),
(459, 'Marcel_Hartmann1@hotmail.com', '$2a$10$yfCGT.ixw0hMHTfhG1Nev.AeDB//dXt/ODZ/Hsyuz642dye65vtvu', 'YasmeenGaylord', '2023-06-13 16:38:27', NULL, '1988-08-08', NULL),
(460, 'Johnathon_Strosin@yahoo.com', '$2a$10$AUai3qz6w8DpMqHuHfHoLeJmHDzEkMqe/vw1A/1ZI9dyjnKq1hBD.', 'RuthieMante', '2023-06-13 16:38:27', NULL, '1984-04-20', NULL),
(461, 'Destinee.Ullrich@gmail.com', '$2a$10$B1RfyuCAv/MacNbUxSrmQuyvRqLO9v4bgFwjUOZVB//eRP9MkN08y', 'Karli5', '2023-06-13 16:38:27', NULL, '1984-02-03', NULL),
(462, 'Jairo69@hotmail.com', '$2a$10$N/PbOg6bxtG86GMPD9HT3uTgZWjTyq1kVdGKb/nVXgOdbEGvuNGn.', 'Alva35', '2023-06-13 16:38:27', NULL, '1988-12-15', NULL),
(463, 'Nicklaus_Denesik@gmail.com', '$2a$10$guZ5LsytY9n/94BJoexVE.ct3D73KqW8AQjD7THQ8tsKeXlvZNEeS', 'RandalQuigley64', '2023-06-13 16:38:27', NULL, '1990-04-09', NULL),
(464, 'David_Nitzsche3@yahoo.com', '$2a$10$u3/7YyeAerzbLTFDp2dd2ul5aDHDG6rBcRq0.n1mWe2DOnodr3SEe', 'AngusLeannon75', '2023-06-13 16:38:27', NULL, '1983-09-10', NULL),
(465, 'Mariana78@yahoo.com', '$2a$10$b3iLj9oBNKNsgS84qqaT.uxKsuPPB5e9g7p9fZDVL1PbjQ0u2wWIK', 'JermaineDickinson8', '2023-06-13 16:38:27', NULL, '1991-02-14', NULL),
(466, 'Jean.Heidenreich@gmail.com', '$2a$10$zOzd1lG86IZ4qrIJs9tDtuINFP2ockKXSkF7omliONnYu2bmhV5ry', 'Dominique55', '2023-06-13 16:38:27', NULL, '1989-09-30', NULL),
(467, 'Walton44@gmail.com', '$2a$10$MbmC6UF/awAzMe0lPnukAe9YiAumz4ZFWkd6dSSiCNsQC3AumQ8TS', 'AlexzanderNader95', '2023-06-13 16:38:27', NULL, '1997-01-15', NULL),
(468, 'Otis.Jenkins@hotmail.com', '$2a$10$wP0cq4BNWFFSze8wk1b5muo7OIcDUFHlzqwABb7PxWzeP9QBydoIi', 'MaritzaFay', '2023-06-13 16:38:27', NULL, '1996-09-24', NULL),
(469, 'Kathryn.Paucek@gmail.com', '$2a$10$tkGq4pJQErnixZClejooDeUhOGoTdjCkx7uCcwD1KkiZBDyy9x7Xe', 'Isidro85', '2023-06-13 16:38:27', NULL, '1990-07-11', NULL),
(470, 'Brisa_Jast@hotmail.com', '$2a$10$NA6WEexUFV3Pl.H.Qy0d7eUZ0TQJf06w.rNkTHxI34UneVn6ZLaji', 'DayneBechtelar85', '2023-06-13 16:38:27', NULL, '1989-09-22', NULL),
(471, 'Loyal.Schinner41@yahoo.com', '$2a$10$chMYbyeIHaOjr0Jb2N.wHuUye9jC05TcnY0NCtkFv71IY2X6S/F2q', 'Keven68', '2023-06-13 16:38:27', NULL, '1987-03-06', NULL),
(472, 'Elena.Hagenes@yahoo.com', '$2a$10$Iz5GkSSP/dyEzzHxMwT.euLV.pAB8Qlm4oD6lrxm9gyaN9FU2RzLa', 'AmericaBode53', '2023-06-13 16:38:27', NULL, '1990-03-26', NULL),
(473, 'Dianna_Vandervort66@hotmail.com', '$2a$10$0Qnzw14IcHeff9ICusonQ.m9zSRp6rmt1FhoT21RfBKOawBCJeTDa', 'LeoraMraz88', '2023-06-13 16:38:27', NULL, '1989-02-18', NULL),
(474, 'Norwood.Skiles@gmail.com', '$2a$10$pssNEeUoHGZhGzvX9s9qRerwlmjM525KD9cGjQ0huSPlYDkxoOFsG', 'DeeHansen', '2023-06-13 16:38:27', NULL, '1983-07-29', NULL),
(475, 'Kian46@yahoo.com', '$2a$10$8vnIGTvQUMMuXnbA3gJUNOYosDV6EMRSW.8Vr42oUoIllMtebKyTq', 'Angelo47', '2023-06-13 16:38:27', NULL, '1994-08-16', NULL),
(476, 'Roxane_OKon@hotmail.com', '$2a$10$3nnd3KHUo4zN6t0BqR7aSOoD7c0OCDLmxMfHZGYkOLCF9c1aw0p.m', 'Manley44', '2023-06-13 16:38:27', NULL, '1984-12-10', NULL),
(477, 'Rhea_Schulist46@hotmail.com', '$2a$10$7o6qMNWHjXMIS95Pr2CzhOxK/oQArdUYkQDWpb3H1l2GUqhHOmZGa', 'DeonMoen65', '2023-06-13 16:38:27', NULL, '1989-07-28', NULL),
(478, 'Loy_Tromp84@yahoo.com', '$2a$10$i8Ywhgfvs97DrFx5Gxy7POi9ItvG/n7YEZXirVLQfFYBWVSI/jtp6', 'RahsaanWiza', '2023-06-13 16:38:27', NULL, '1986-01-24', NULL),
(479, 'Carmel.Bode@gmail.com', '$2a$10$pXzqJUVmgey78haOvml5cum9L2jrZhsQQwWQu9rX865SJPwf5SrUi', 'AvisDickinson75', '2023-06-13 16:38:27', NULL, '1994-06-02', NULL),
(480, 'Tre_Jast2@hotmail.com', '$2a$10$qNFtRIwor5yYhGdmrndbYOxaAA5PrzXjKzL2PysRuJb8WHf8LRUqm', 'HughBergstrom', '2023-06-13 16:38:27', NULL, '1999-07-21', NULL),
(481, 'Chasity.Fritsch67@gmail.com', '$2a$10$c/wQyBTTuvAYFCbyzfFJlejgRXCp3g54PWzmT/OWMnFasniuES3ay', 'MeggieMaggio26', '2023-06-13 16:38:27', NULL, '1987-11-17', NULL),
(482, 'Tyrell73@hotmail.com', '$2a$10$M0IzLwSU0KSWdzszLGrpauL383ZwJZJAFGnCy6N7M5FbFQIJd9SM2', 'Claudie92', '2023-06-13 16:38:27', NULL, '1988-12-17', NULL),
(483, 'Trent22@gmail.com', '$2a$10$JLDZ5zIFy4fQ67TxT0DHI.FvgJ2p9fKS9FAVSyqiRYAZO/nOf2CmS', 'TiannaRuecker', '2023-06-13 16:38:27', NULL, '1989-04-30', NULL),
(484, 'Evert.Larson44@yahoo.com', '$2a$10$vqwJXFdPYk/JcyYaoA66luURRLjCHPa2WAYlSs1Vo0uM8R/SvGwou', 'Sim25', '2023-06-13 16:38:27', NULL, '1988-07-10', NULL),
(485, 'Carole_Parker86@hotmail.com', '$2a$10$q.GHYXxXnJU303G9h4pQtuzOcmHWPJ3MNpJIlaL6NOXoP11a2Go4C', 'Rolando66', '2023-06-13 16:38:27', NULL, '1990-03-18', NULL),
(486, 'Richie_Hilpert8@yahoo.com', '$2a$10$Qdz.5/LS57fwfEMi1n6Gy.szME59pdB9w1IDfl2Z8ShyOW4omwSwW', 'EmieTerry48', '2023-06-13 16:38:27', NULL, '1999-09-19', NULL),
(487, 'Eryn67@hotmail.com', '$2a$10$sCp6ifw1Sqnir9OemwoUReriPUxVxOZ5o6vmItbnAP3MrJGe075H2', 'AllanCarter', '2023-06-13 16:38:27', NULL, '1988-03-24', NULL),
(488, 'Annetta90@hotmail.com', '$2a$10$iy8MsgK6Rn.jjEFq9u/aeuqoToRehp38gj7cLUxC2JI9wSJ/i.rfS', 'TrevaSmitham', '2023-06-13 16:38:27', NULL, '1992-08-15', NULL),
(489, 'Kailey_Frami15@hotmail.com', '$2a$10$zndQYVt2kj98ZgEUPc0BHuiupTpXxQhepyTxmeOPUm12aHb7HmWs.', 'Ryann73', '2023-06-13 16:38:27', NULL, '1983-05-02', NULL),
(490, 'Susanna.Emmerich@yahoo.com', '$2a$10$b7AZyD0ktRecNVqpH.4E2OWTT/2LvcUHeW58QG97gcT4YeejEDr.S', 'LeolaCremin', '2023-06-13 16:38:27', NULL, '1990-04-09', NULL),
(491, 'Burnice_Quitzon@hotmail.com', '$2a$10$j3F3Dx8JDu7Aeov3oTh9ZulzmmBygX/oqf2BogZVtJ63SHk3uGale', 'FelicitaYundt', '2023-06-13 16:38:27', NULL, '1995-03-15', NULL),
(492, 'Suzanne.Nicolas37@yahoo.com', '$2a$10$R3MS7F4c5we/f2nUIdFi0ejMmD0lF78OpumuZ8o5dAQsjJRZ3x.ly', 'NicoleBartoletti', '2023-06-13 16:38:27', NULL, '1990-10-08', NULL),
(493, 'Wendy.Roob54@yahoo.com', '$2a$10$.4dx2y.ijKJ4k2XUrqJsn.DY6rTAVUGKkf8zqUIvi3p4qs78TIklm', 'ElfriedaBogisich36', '2023-06-13 16:38:27', NULL, '1994-02-03', NULL),
(494, 'Federico_Hegmann@yahoo.com', '$2a$10$AtMDTwu8cgfFF/ZXtFXrwe1RyWwVmxC4eR0CHnpn6tFsfSoOrN3tK', 'Tyrell2', '2023-06-13 16:38:27', NULL, '1996-07-17', NULL),
(495, 'Lauren73@hotmail.com', '$2a$10$2IgLN9jrtMxOW7eKtg29XeoGvieHF9k415QLdyUXdR9L/Wz92O5Ka', 'ArielStokes', '2023-06-13 16:38:27', NULL, '1999-02-14', NULL),
(496, 'Sanford_Lueilwitz@yahoo.com', '$2a$10$cwepsnSBd2jBnAMwTmCN7uket65JmkYfT58gduIBzOnJx4UM90v8a', 'Connor98', '2023-06-13 16:38:27', NULL, '1992-09-20', NULL),
(497, 'Genevieve.Fisher@yahoo.com', '$2a$10$RqPDO7XLSXE9Jp3pVIKsAe8PPg67a/xjI9VTfjSdWD6ZKQiRaq6/y', 'DaisyKuhic99', '2023-06-13 16:38:27', NULL, '1989-03-25', NULL),
(498, 'Jamie_Yost93@hotmail.com', '$2a$10$g/67tWI.F1tCD0s123lSVO0bthufhFNft1x84cMwxV1zAyk2gC.YO', 'ZolaWilkinson89', '2023-06-13 16:38:27', NULL, '1994-01-23', NULL),
(499, 'Bonita39@hotmail.com', '$2a$10$yKjpe7MPfkgxpEcyPUIMGuVJ02/jb7YaWtQSDtsWLLyJb5dJi80lG', 'Ada12', '2023-06-13 16:38:27', NULL, '1985-07-22', NULL),
(500, 'Hailey_Corkery66@yahoo.com', '$2a$10$AKvKzbHNGZinTgy5WZZKQuHXMItXwzRAwig3vSOIUEVUVlyiYxRnW', 'AurelieHalvorson84', '2023-06-13 16:38:27', NULL, '1993-09-03', NULL),
(501, 'Jennifer43@yahoo.com', '$2a$10$sMS.YUjp1K0mUQFWRnrSJ.AQePAQkYDGBOT50ORA2pmxs18Ykh6LO', 'CorineKilback16', '2023-06-13 16:38:27', NULL, '1985-04-11', NULL),
(502, 'Keira0@hotmail.com', '$2a$10$kS6Gi3R2m5AMwTmGw1ucRuN3rNWvB3GcjEqwmY1uDTMEZszXCQiW.', 'FilomenaTowne47', '2023-06-13 16:38:27', NULL, '1998-05-14', NULL),
(503, 'Jena.Berge69@hotmail.com', '$2a$10$c4o/VLws.DhvGuk98A3A4.CChBaavhsLg930QrxFO7BtJSG.nUplq', 'TyrellToy', '2023-06-13 16:38:27', NULL, '1990-03-24', NULL),
(504, 'Oceane89@yahoo.com', '$2a$10$Tw7Lqyx7IGqRo0zb4Y/F0.7d07FoD.qgN6gj6KOsDh7r8mqqqXzW.', 'FaustoHaley29', '2023-06-13 16:38:27', NULL, '1997-09-10', NULL),
(505, 'Lukas.Feil@hotmail.com', '$2a$10$PpOnhyH104bghZsv6uMJgeHbnbl3I4lSZVfpA3U1Kk0PYhF/BrbHK', 'Willie76', '2023-06-13 16:38:27', NULL, '1986-10-21', NULL),
(506, 'Florence0@yahoo.com', '$2a$10$RpxXeri/8d9SiM8XO.lQxeFZVup2ARzmnYsb1kEGgr8CzwIw9Hx0S', 'KiaraMoen40', '2023-06-13 16:38:27', NULL, '1986-05-06', NULL),
(507, 'Timothy.Lind85@yahoo.com', '$2a$10$krfINN12EELlZfY5U9Ksu.eIdtiEBGVsPyWaRQlod0zhYgrX54GFW', 'VivienGerhold', '2023-06-13 16:38:27', NULL, '1987-09-18', NULL),
(508, 'Lloyd_Swift62@gmail.com', '$2a$10$UXcwDATxvsCJLrejklieZupUg0iVejWqE3f2OPJNR37HAnP5qDLXW', 'Jacinto70', '2023-06-13 16:38:27', NULL, '1995-12-15', NULL),
(509, 'Shemar.Waelchi@hotmail.com', '$2a$10$uBRvpxCGWauCKiK0NWGu5.uJWnJfHqYiXIuV6QRvvTHerhfvelvty', 'JustinaRomaguera40', '2023-06-13 16:38:27', NULL, '1983-06-04', NULL),
(510, 'April.Balistreri@hotmail.com', '$2a$10$47YAK6jJyZTa8dIcZ/WoD.EDLUdLL64jDSA22vIWxZ69eHnLaFZ9.', 'DamianPurdy', '2023-06-13 16:38:27', NULL, '1982-01-30', NULL),
(511, 'Maudie.Predovic@hotmail.com', '$2a$10$5rYzU4.SRxJ4zpkdItw5PeGiSyDEHh.nOWK7ef1S9ewDIAfCP7Kny', 'WhitneyParker18', '2023-06-13 16:38:27', NULL, '1996-07-04', NULL),
(512, 'Jarred.Harvey27@hotmail.com', '$2a$10$Tp5of2hOZSyz0aXd9wHJwe5hkyKnmicKG0izV3RlrWk6.HJ8ERTDy', 'VedaKassulke', '2023-06-13 16:38:27', NULL, '1990-12-07', NULL),
(513, 'Ed_Kuhlman66@hotmail.com', '$2a$10$d9RfRF964mzvTQOJYdMsOObv5crbxyeWPmNDeiWO8s/kwDKuCRpou', 'BentonRutherford22', '2023-06-13 16:38:27', NULL, '1985-05-16', NULL),
(514, 'Kathlyn_Heaney31@gmail.com', '$2a$10$FfpRa7WTEYE5CR35LnpgYO6nE40b5tNASHJS.wpA3IAz/u/n1cN2.', 'Jessy30', '2023-06-13 16:38:27', NULL, '1985-09-24', NULL),
(515, 'Dallas15@hotmail.com', '$2a$10$sOuANBT7G/s0KTYYvFeMY.0J4J8skFKswpu2mKWCZLh8HYYaQZBka', 'VictorMurphy', '2023-06-13 16:38:27', NULL, '1985-06-29', NULL),
(516, 'Lucas.Rosenbaum47@gmail.com', '$2a$10$Xa5y38xAATXsiBfn8OtPlOMbM0Y9dd.gYtG8aOhisY3s8fOBFDN7y', 'AmiraMayer', '2023-06-13 16:38:27', NULL, '1992-04-08', NULL),
(517, 'Ned.Herzog58@hotmail.com', '$2a$10$bV2oxWxV6iEylZI/AlZ8BeWxV1X7wMx.VfeWwFIz4s283mMipnyGi', 'GiovanniJohnson', '2023-06-13 16:38:27', NULL, '1998-09-22', NULL),
(518, 'Neal.Kiehn@yahoo.com', '$2a$10$Fyy6wPodPguV.oNLpt0EMOtNawxAzTbr6eBFxET6m4dBLDBuM.5GO', 'Elijah16', '2023-06-13 16:38:27', NULL, '1993-02-16', NULL),
(519, 'Alvera_Stamm@yahoo.com', '$2a$10$wVRMWngKpoajWqnEhYWUbuy/njEWvRK3sxPCGSRKxdKec73ShI2hO', 'ZelmaHaag', '2023-06-13 16:38:27', NULL, '1996-04-25', NULL),
(520, 'Dewayne_Toy@hotmail.com', '$2a$10$qdhxYCQ5FS7f0qzi7ST2I.bUL7wdIpqtkwYPyIP214rlzWm/PKDn2', 'SantiagoWest69', '2023-06-13 16:38:27', NULL, '1997-03-27', NULL),
(521, 'Joanne.Abbott40@yahoo.com', '$2a$10$DrR4CvH3MbGrQQOfSFyleu6qG/PPEjJof1vMVsNZV7MO5jaaSUqV.', 'TamaraBraun', '2023-06-13 16:38:27', NULL, '1998-05-05', NULL),
(522, 'Fidel.Heathcote93@hotmail.com', '$2a$10$/Bu5zyTOx0jT5ym9Z3ZDL.56VDknWng4j8/UmuGO.ddNoY55KH7/C', 'GodfreyWelch', '2023-06-13 16:38:27', NULL, '1996-09-01', NULL),
(523, 'Jerrod_Green@hotmail.com', '$2a$10$.QJGiye5T3Kno0T93M1Gmee2u8KB5Hc4t6ahC3lXSY3xAYSHCzMDO', 'LesterMoen', '2023-06-13 16:38:27', NULL, '1982-08-10', NULL),
(524, 'Randi.Mertz14@yahoo.com', '$2a$10$dYwVrYpgJ1EX4hlUC9iRE.jr.X.nDYUzV.hyBen3PW.SFbMfa1If.', 'ReymundoMetz', '2023-06-13 16:38:27', NULL, '1997-10-28', NULL),
(525, 'Alex41@hotmail.com', '$2a$10$ddP74jEKIFd6n8G3enZ7ReruzwmggjnZYW47IfIRmwFj6.e6oKzwi', 'ShadSchuppe17', '2023-06-13 16:38:27', NULL, '1993-04-12', NULL),
(526, 'Kyleigh26@gmail.com', '$2a$10$l0hUSnqNeERnpjNqp8PU0ODIwKcsBvOAzEBuocRjfc0gqjUAz5QL6', 'FloyKuhn15', '2023-06-13 16:38:27', NULL, '1986-05-03', NULL),
(527, 'Jeffrey_Deckow@yahoo.com', '$2a$10$HLE9aOGpeuk3olSfo./A8.yq8p7uTqEv9N.0Qifw9LA4PIHMgxboC', 'MilesKuhn', '2023-06-13 16:38:27', NULL, '1991-12-10', NULL),
(528, 'Savion26@hotmail.com', '$2a$10$xx.nkY4nDgQE1YfN23YF2.8EDxZrT1GkrPGpL9GPbCl7lsSSgESOS', 'Hank53', '2023-06-13 16:38:27', NULL, '1988-02-15', NULL),
(529, 'Toni_Stehr11@gmail.com', '$2a$10$Tk0HYIivIOfjveGFTp9H7uQL1LrcbDegYE3aCh17KAt4d7XbXGWLe', 'SebastianWard', '2023-06-13 16:38:27', NULL, '1983-06-19', NULL),
(530, 'Conner_Cormier91@hotmail.com', '$2a$10$MoCkHToliP5z6jLJgprC0.62RJZADD0Vs6vIDfjya9CMZcuA0LSUO', 'Constantin60', '2023-06-13 16:38:27', NULL, '1999-09-16', NULL),
(531, 'Angie.Marks75@gmail.com', '$2a$10$r32v8veR1nyqKqprc1pG1Oz69fzD4KVB8Q5aTSJLpkXR0GVKxqeVG', 'TrevorBeer', '2023-06-13 16:38:27', NULL, '1996-07-14', NULL),
(532, 'Gustave_Zboncak@gmail.com', '$2a$10$urgB3UFQ/kK5ahKp6LrkF.OQ9BXXuL2ETmzP/eeHdhbEWrBDreAle', 'SammyDurgan', '2023-06-13 16:38:27', NULL, '1997-05-06', NULL),
(533, 'Matteo_Gusikowski@yahoo.com', '$2a$10$Oa8Xq6YEp1kii8ZgHm9Srubby3v73b5zKjt4IrEGOweDZgZkJ.9y.', 'Colin5', '2023-06-13 16:38:27', NULL, '1996-05-01', NULL),
(534, 'Elinor72@yahoo.com', '$2a$10$jVk5tNvO0TjDV9.l/4HPju6eK.SMN9kZ5fiT1CLMotlhnlwVMKLeq', 'RoxanneZemlak14', '2023-06-13 16:38:27', NULL, '1988-06-06', NULL),
(535, 'Nelson.Koelpin98@hotmail.com', '$2a$10$o4cLAeLy3HhEyK/pTI3B0e5hDnP2ZesHn9Wt4wqXHG9PYh83E4Zja', 'KayCrist', '2023-06-13 16:38:27', NULL, '1993-05-16', NULL),
(536, 'Lela14@gmail.com', '$2a$10$clXfzuZBtrUYKvbObVmlyOStHC6RrogOfUrPlSPhqcm7qLzG35tHG', 'Elsie86', '2023-06-13 16:38:27', NULL, '1998-09-11', NULL),
(537, 'Parker.Romaguera71@yahoo.com', '$2a$10$N7UPhRhDf3dlN6YwBK1Oyexiqf4ndWHQ3CZ7i3EB3n1FQCRTTPxb2', 'AnabelHand', '2023-06-13 16:38:27', NULL, '1995-12-15', NULL),
(538, 'Andre.Leuschke@hotmail.com', '$2a$10$o9DhnmOsH4umCqCzLCQ6KOv8uT8I9hUSfM2z3PLwfxlfct4LXG0oW', 'DejahLang', '2023-06-13 16:38:27', NULL, '1985-01-28', NULL),
(539, 'Celia17@yahoo.com', '$2a$10$3B42eL7C8he6a7cGR/Mcc.eqIVNXDxFdw2Aj0rnrBqSUMPfShEENG', 'DaisyStamm', '2023-06-13 16:38:27', NULL, '1991-06-25', NULL),
(540, 'Junius_Wintheiser@hotmail.com', '$2a$10$R2hOaMODTIhT0NJgBcPAs.bmvyMBegYNKk7JatM3Pz.If1b3cxgpK', 'RaeganPrice86', '2023-06-13 16:38:27', NULL, '1999-10-16', NULL),
(541, 'Reanna.Boyer@gmail.com', '$2a$10$.ntwMkCBPQLoadSoGnwcvuffJ1C4cNmfyb.qyv.iJ.L1qensTjrsi', 'Major59', '2023-06-13 16:38:27', NULL, '1993-03-19', NULL),
(542, 'Kasandra.Mueller20@hotmail.com', '$2a$10$HZJMIOCMIWEZC2O.TtEUpuachhkivYGdIjO/KQo/qC9N.TWunHHy.', 'CruzMarquardt', '2023-06-13 16:38:27', NULL, '1983-05-13', NULL),
(543, 'Cordelia62@yahoo.com', '$2a$10$.yJEuxS5DJjPE54OLZZngONNalqvqcw2wDESe3cjzu5aI7s4QbxHa', 'MortimerAuer55', '2023-06-13 16:38:27', NULL, '1992-08-12', NULL),
(544, 'Leif_Prohaska@hotmail.com', '$2a$10$QRb8FV5H/0s4Tiok3EE0me5oRFgcB7Xhx21fKIo7iTkW.OSjcU4lW', 'BradBraun', '2023-06-13 16:38:27', NULL, '1997-11-17', NULL),
(545, 'Sandra19@hotmail.com', '$2a$10$EFMsedZCDVuhIwP0eIX86e9OKButLahV4VlvWhVrP1YkARVRqcA4O', 'MargaretGleason', '2023-06-13 16:38:27', NULL, '1984-04-26', NULL),
(546, 'Stacey59@yahoo.com', '$2a$10$qwrAYu81kIuBUBd4KF0XCOPeOdAo6K7JYijCpbN4GSuOkGt/Px1Ry', 'LillaBlanda', '2023-06-13 16:38:27', NULL, '1996-01-14', NULL),
(547, 'Astrid76@yahoo.com', '$2a$10$glxuYO6oLN6kHQgcgBuoS.eKUf2DIzIGrKmiFUkSWAYYntFDpbR7K', 'EuniceJerde', '2023-06-13 16:38:27', NULL, '1987-02-20', NULL),
(548, 'Birdie_Dietrich@gmail.com', '$2a$10$zwLCdrAii2Qh7Drn69bKTO8wQPICLUemwh/UxAMiPOcrL1E4aB2ZS', 'TracyBernhard62', '2023-06-13 16:38:27', NULL, '1990-08-08', NULL),
(549, 'Davonte11@yahoo.com', '$2a$10$lPQmQWy1Or06FVpPlBXuGO8LPfIKDaD.1OmbzTpssaRNa4qTXkzUO', 'NovaSimonis52', '2023-06-13 16:38:27', NULL, '1997-12-02', NULL),
(550, 'Furman88@gmail.com', '$2a$10$Xu0YLHzhKDKaJOJnmOOchuN2g5nsLL136BHOj/ZSoLnQa71.R3oci', 'Olen17', '2023-06-13 16:38:27', NULL, '1993-01-26', NULL),
(551, 'Isom.Murazik91@yahoo.com', '$2a$10$n/L6GvOYXQ0iuDb5d7/yHO3yBqMNomtsgh4SDOipPM.Zea6Qkj3re', 'Amalia14', '2023-06-13 16:38:27', NULL, '1988-10-16', NULL),
(552, 'Lucius65@hotmail.com', '$2a$10$Il5b81Yf.spaa1Gjatirs.p20GiGOyNoinwSxc4ALyHj6tfQBD7Le', 'MaeveRutherford56', '2023-06-13 16:38:27', NULL, '1986-10-08', NULL),
(553, 'Lorna30@gmail.com', '$2a$10$IJ.G8695zvKxeafOEC2jy.xWboofXX82Rv00jyz71dQ1DokQjtDdW', 'AnahiLangworth7', '2023-06-13 16:38:27', NULL, '1995-03-11', NULL),
(554, 'Irwin.Graham@gmail.com', '$2a$10$jVWUi5d5rdwavzi..NwAwOIoctRtKzRrj2YxirpsdcGNa31qUR6Xq', 'Amparo54', '2023-06-13 16:38:27', NULL, '1991-08-30', NULL),
(555, 'Adrienne.Bode@gmail.com', '$2a$10$FWtu7qsrSk8fEnA7kAr6gOzMGw.cu/2hLlNTiQiSbNmkzu773wSgu', 'Cielo98', '2023-06-13 16:38:27', NULL, '1986-02-16', NULL),
(556, 'Roel.Quitzon24@hotmail.com', '$2a$10$gZGPNEwCsmcmhL/2BrCoOurdseYqfKummikwsfvQrzvn9TIE3AGB.', 'Amy64', '2023-06-13 16:38:27', NULL, '1982-04-01', NULL),
(557, 'Carmine68@gmail.com', '$2a$10$4YzEhG5A1fSejMoJ8Frhg.GgQOAbRs5T1ilPaNIN3NkZcKI8w4Vp6', 'EveWolff19', '2023-06-13 16:38:27', NULL, '1996-07-13', NULL),
(558, 'Shawna_Borer7@hotmail.com', '$2a$10$V33BiZXkNGnyaFXr7CU4kus92fnSKSfQcj.ZTm.NnRRelPjO.r30u', 'FreidaBernier63', '2023-06-13 16:38:27', NULL, '1989-02-22', NULL),
(559, 'Louisa_Altenwerth@yahoo.com', '$2a$10$jkFfsWTDLE4r/O/4Q2XmyuwsLg55eNdlr1yEEmp0AusF2hgZuNv86', 'WillieKlein', '2023-06-13 16:38:27', NULL, '1982-09-15', NULL),
(560, 'Reinhold.Ziemann@hotmail.com', '$2a$10$FNl/WBcLvKBR2QCSvcti0urvwkDTlzJSQ6v4avbPDJMN20BfCO4G2', 'Carley42', '2023-06-13 16:38:27', NULL, '1999-11-02', NULL),
(561, 'Stanley_Bednar@gmail.com', '$2a$10$RvVBtUuCpajqiCxbtsxlbuSdjBctfmHs4CJCSiaqZX.B6dI8ZV3Wq', 'Augusta60', '2023-06-13 16:38:27', NULL, '1989-09-02', NULL),
(562, 'Kiel.Senger@hotmail.com', '$2a$10$sfrZXBigGnso6LGMUupmwO0Qc7gUKb8MavDcItYTzZz02lOwHCFt2', 'RobertBechtelar', '2023-06-13 16:38:27', NULL, '1987-07-28', NULL),
(563, 'Dariana.Strosin@gmail.com', '$2a$10$1CYvOBYzxr4XBoi69o4nyOfmTTBJf52JuFuU0.FYwpVYEBLDaobV2', 'BerylOrn98', '2023-06-13 16:38:27', NULL, '1987-10-04', NULL),
(564, 'Emiliano72@yahoo.com', '$2a$10$meDXRX1bGbzcHL3nQptXs.OJMj6FRV0t9Utx7n.hfEmjDe32wtkai', 'Lorenz79', '2023-06-13 16:38:27', NULL, '1999-09-11', NULL),
(565, 'Alexander_Mohr@yahoo.com', '$2a$10$wTRZzffn7i1N2uMh7ZeyH.kVwjoxnqEHia8kDTkAR8RZb9If0UFzC', 'RobertGaylord5', '2023-06-13 16:38:27', NULL, '1990-07-27', NULL),
(566, 'Alfred60@yahoo.com', '$2a$10$tNeRQYGGGI9YnpkFMgKe.eTFMMD0nPfUuthqJ14YlTXUhJz9YMqHK', 'EunaWaters41', '2023-06-13 16:38:27', NULL, '1989-12-31', NULL),
(567, 'Fausto_Gorczany@yahoo.com', '$2a$10$eGrN1T9V.SjrR0TfWtfw9uaNW.omcUS2AXxOzf/3nWFY1.C5Uau/u', 'GerryHomenick64', '2023-06-13 16:38:27', NULL, '1994-12-18', NULL),
(568, 'Mckayla_Paucek@gmail.com', '$2a$10$COToGLVbPlSY/s.OydKHgeGrR6PKjKs2DUZ//YLBL6MEPiPPwzkK2', 'BernadetteJaskolski', '2023-06-13 16:38:27', NULL, '1997-09-09', NULL),
(569, 'Lesley61@hotmail.com', '$2a$10$rgXiucUmmSkf59hsRrYzjeqIotlaDX2A6obmDoxaO4xtRDXxtRHrq', 'AngelineOReilly52', '2023-06-13 16:38:27', NULL, '1987-04-27', NULL),
(570, 'Anabel19@gmail.com', '$2a$10$/slrbyMRO1v9198hrjqty.X9oq2NDG9/CCkV2QiuwX/zTHqheCAOa', 'MackTorp38', '2023-06-13 16:38:27', NULL, '1991-04-26', NULL),
(571, 'Orval_Nolan63@hotmail.com', '$2a$10$HCFHkLMiaTA08JCJgpam4.apSBTX50zi7j5eG2VgHTbWh6dazezu2', 'ThaliaSchmeler13', '2023-06-13 16:38:27', NULL, '1983-04-06', NULL),
(572, 'Maudie.Hermann54@hotmail.com', '$2a$10$jWujyRBWrsQCN4PKo/Xhd.chal8MCxfeNE1Kq3P.KEKGdSmCU4NWu', 'Bryon60', '2023-06-13 16:38:27', NULL, '1984-03-11', NULL),
(573, 'Pat2@yahoo.com', '$2a$10$gIDkSVPiepQX1tCJ/PFFz.lhJ6sGeBVpWiWy/qcclcvtDy.ShHwOq', 'Lacy63', '2023-06-13 16:38:27', NULL, '1993-01-10', NULL),
(574, 'Junius.Stiedemann@hotmail.com', '$2a$10$06udJwNI.s4/1mw9WN6mIuVDJ6hO/VEgbxsweC1/56FA4qHoXG.ta', 'BradenJohns', '2023-06-13 16:38:27', NULL, '1983-09-12', NULL),
(575, 'Viviane63@hotmail.com', '$2a$10$6yKYYhp0g.B3gdNvLnebqexvGEX8gDY2wh2nmOi9ArYFeA7Bdc56C', 'AdrianFeest', '2023-06-13 16:38:27', NULL, '1988-11-13', NULL),
(576, 'Katarina_Bartell@yahoo.com', '$2a$10$.geccEq9mUh/VGRc2V3yFOkCV8zEDKkFNf4ezJ25VpIliJge8ocsu', 'Monserrat28', '2023-06-13 16:38:27', NULL, '1998-09-13', NULL),
(577, 'Simone.Erdman@hotmail.com', '$2a$10$nlPZgSVgrpn1aY1twP3JL.cFBsdCVGxqF7r3cII8wThwU74KyiK16', 'Justus66', '2023-06-13 16:38:27', NULL, '1986-04-18', NULL),
(578, 'Pietro_Ward94@yahoo.com', '$2a$10$KJKTtJCyGiy.68IX.jDbI.Kfi7WzK9r3R0x2H4obIOAATBxgaHVqm', 'Clay1', '2023-06-13 16:38:27', NULL, '1996-08-07', NULL),
(579, 'Jadyn.Leffler@gmail.com', '$2a$10$owPX7wY3zQEC8Zp20nbK4Ov1PBMZ7RQzA4WLEc9wFjaNKWHOXhquy', 'ModestoFisher30', '2023-06-13 16:38:27', NULL, '1985-05-16', NULL),
(580, 'Hortense_MacGyver74@gmail.com', '$2a$10$FbxMrKDcx4yqdnYbmF613.npEbtPWb8Dwqj/h7i1T2LR3o6.d2PGm', 'SoledadLangosh99', '2023-06-13 16:38:27', NULL, '1995-08-21', NULL),
(581, 'Paige.Heathcote@gmail.com', '$2a$10$dr7SFCQS9YYojXlPI.VpH.Xe5olqjygGTETFxGG4hlotB.3jb04rS', 'MyrtieHyatt', '2023-06-13 16:38:27', NULL, '1998-05-08', NULL),
(582, 'Lula8@yahoo.com', '$2a$10$7h/gbeyBqQjztVu2mqCVWuB9W6S5Q0hPT3IYRpvOBDYygcO2lTVRK', 'RemingtonWuckert', '2023-06-13 16:38:27', NULL, '1988-04-08', NULL),
(583, 'Yasmine_Nitzsche@gmail.com', '$2a$10$iikNFXZBPsw9WmWpdIzm4O4LGHPTcivrayRMtsP03cbKd7TFB8Uam', 'GeovannyRice', '2023-06-13 16:38:27', NULL, '1991-07-04', NULL),
(584, 'Noel.Feeney29@yahoo.com', '$2a$10$iVHDjL4lWh1oknDJ0pGyAuRijGsFJ1sHlA/XJUION1DRjBF37ewsm', 'JerelHessel43', '2023-06-13 16:38:27', NULL, '1990-09-02', NULL),
(585, 'Thora_Weissnat4@yahoo.com', '$2a$10$guLHyfuacG6sKGx48c3aiO1II1TrMLODQOSUcX/6xL7sDWnMIZshC', 'RafaelDeckow', '2023-06-13 16:38:27', NULL, '1996-10-10', NULL),
(586, 'Kody32@hotmail.com', '$2a$10$eeEfPOM15Lgr5vEotMCGKO8RgeLVDoE6rEXmRH6kwHc/MJsG4/oia', 'WilliamLedner', '2023-06-13 16:38:27', NULL, '1988-09-27', NULL),
(587, 'Mikayla.OConnell23@hotmail.com', '$2a$10$DUqWAJFbg5fjQcLmTUDd0.uExoZN8mTZ7scgQT6n6.9mXs4rLCzRW', 'Daija21', '2023-06-13 16:38:27', NULL, '1997-02-03', NULL),
(588, 'Modesta_Towne@hotmail.com', '$2a$10$PjmEuHml3trQRJuDnz.QxO2Vx/DSH3WYUvPne9zsXrGZc5fpoEjUm', 'Kiarra61', '2023-06-13 16:38:27', NULL, '1989-06-11', NULL),
(589, 'Gloria23@gmail.com', '$2a$10$NnW67abi7bOKX.OlSMA4Buadyoxh6TXSzFvfq.ihLWRC5S8e4EeAi', 'William15', '2023-06-13 16:38:27', NULL, '1993-11-24', NULL),
(590, 'Tevin.Kuhlman92@yahoo.com', '$2a$10$xFv3C2TcUHEpOSXG9CzPdOPjMLw7ZIY3qk0SA7nKOf3Je0cBSrOUG', 'ManuelCarter', '2023-06-13 16:38:27', NULL, '1982-04-01', NULL),
(591, 'Shad_Strosin67@hotmail.com', '$2a$10$UEnn.hzWKIjuAbVubpy1ouh4JPugA0tIed0h/L4UIXN0IkFfw0DAu', 'AndreDeckow', '2023-06-13 16:38:27', NULL, '1988-10-24', NULL),
(592, 'Sven_Mosciski@hotmail.com', '$2a$10$vkBiyvTER6wCKxuhentVNezvE5r5A/nqXGivWWyLOh42ZPUkY5bH2', 'EdgarGoldner82', '2023-06-13 16:38:27', NULL, '1998-03-03', NULL),
(593, 'Valentine_Morar@yahoo.com', '$2a$10$IQH.7ENAEhmMpfiVGUjQ3O.tBE2x0k/NZdXZrHxIiOZ5qNEUmgXwS', 'Hal35', '2023-06-13 16:38:27', NULL, '1985-11-29', NULL),
(594, 'Gavin98@yahoo.com', '$2a$10$sZk8ircNPIHbXBVRe94vbe23Jn/seIGNaDa9WoW0xtxfOx2f1qdci', 'MaggieWaters5', '2023-06-13 16:38:27', NULL, '1995-02-03', NULL),
(595, 'Eleanora_Rempel79@hotmail.com', '$2a$10$uUZ2/E9WV1W9uZn/upDJleFy.DV1IDZH5.6ySzABguGGnyNVsX28m', 'Deondre82', '2023-06-13 16:38:27', NULL, '1985-03-04', NULL),
(596, 'Ludie.Rippin3@gmail.com', '$2a$10$bkwsm8lV19tG.S6PslyqA.jwNUwzxxxZoORyePCJqhbHX5ozN8gp.', 'Arvilla97', '2023-06-13 16:38:27', NULL, '1987-12-11', NULL),
(597, 'Rosamond2@hotmail.com', '$2a$10$hqhln3r3AZ4nN8XRVvGo6O.dC0eCPxh4OlW51kEpRhFJ3oYWtYp5u', 'ToneyMacGyver52', '2023-06-13 16:38:27', NULL, '1982-07-25', NULL),
(598, 'Daija_Jaskolski@yahoo.com', '$2a$10$ooGVqik3YWm1HTB75xv0QuWgazfJPckVbjogRnTXNBhaCF8t7ImHO', 'Nat88', '2023-06-13 16:38:27', NULL, '1995-11-29', NULL),
(599, 'Adele41@gmail.com', '$2a$10$lnMjd5pU2cIQ/B7U83w7yO8FPmsg6RkcMr4rlVOOkBYWA43z8dieG', 'Ernestine82', '2023-06-13 16:38:27', NULL, '1989-07-27', NULL),
(600, 'Ray_Collier36@hotmail.com', '$2a$10$ULOcBx1OLJp4IPtTjJHbS.m/HU5BghTc2pUQ50Y4axhgWWRGKgF92', 'GradyBlock78', '2023-06-13 16:38:27', NULL, '1985-03-25', NULL),
(601, 'Verdie.Ziemann@gmail.com', '$2a$10$shikoPgAvFy4FpWFl1TaPeQUHFhLV/raXpcxc/oQEzW38wJLEWh1W', 'HarmonyMorar', '2023-06-13 16:38:27', NULL, '1986-01-15', NULL),
(602, 'Jasper.Kihn57@hotmail.com', '$2a$10$EpqENPEjb.Ya/TKU1TGQNujkDpO6TDXIr4Olpl01NSS6UpGYr2LN6', 'SavannaCrona', '2023-06-13 16:38:27', NULL, '1983-11-26', NULL),
(603, 'Delphia5@yahoo.com', '$2a$10$sg5x.xLilGVAWqP4X6oom.YebEEt2h8V1kNBoR27Dxscu.wWkxKMC', 'Precious92', '2023-06-13 16:38:27', NULL, '1984-04-25', NULL),
(604, 'Dorothy.Stark90@gmail.com', '$2a$10$0OIFaMdKp1woSL/9m84gGeDCJmHC0V9Lkajx7PM4BMAYO5LI/mjZG', 'Rory99', '2023-06-13 16:38:27', NULL, '1982-12-18', NULL),
(605, 'Mckenzie18@hotmail.com', '$2a$10$A.uuxnxDvqBdA4VrFRzlV.cy6NidVYgn5pPbWl0TzPjHAFVXD.gZ2', 'CristopherCartwright', '2023-06-13 16:38:27', NULL, '1999-10-02', NULL),
(606, 'Nellie3@yahoo.com', '$2a$10$yGwmbfPD1RL.vtjefeKZq.fbNB1.Ld3HM3MZTnrd/qgY.gu.VTPse', 'Julie72', '2023-06-13 16:38:27', NULL, '1989-11-20', NULL),
(607, 'Mittie47@yahoo.com', '$2a$10$JFtuihxgh2GT9sBNx.mCCe6SHJySS3yrrP0GcRuXIIVCIV2Jra8SW', 'GarfieldBode', '2023-06-13 16:38:27', NULL, '1999-04-11', NULL),
(608, 'Kurt.Barrows@gmail.com', '$2a$10$bTLL6AtGP1qoENTxIbTvgOP.uUMDOt19qgIMJRggB.swmn6CAMJNm', 'Daphney98', '2023-06-13 16:38:27', NULL, '1989-07-29', NULL),
(609, 'Kayli_Farrell97@gmail.com', '$2a$10$R1B/SzvvH4My6Dj/kGCWH.pRq/Jz.bt4LDhCU3yIM0JC0tTmn2AJ.', 'Agnes60', '2023-06-13 16:38:27', NULL, '1983-11-05', NULL),
(610, 'Adelia.Smitham77@hotmail.com', '$2a$10$SSISNEv7tTgTGfcC5LjecuCAAiVY6IeTx9gO/FDhtb3OoXShPZNxq', 'Malika58', '2023-06-13 16:38:27', NULL, '1996-04-25', NULL),
(611, 'Rosemary_Davis94@hotmail.com', '$2a$10$FYouqOjSLB308qBdBeC5NeJMO5Inqm.3iW.wmESDrnn6n023.jIG.', 'GlennieBoyle50', '2023-06-13 16:38:28', NULL, '1982-08-20', NULL),
(612, 'Burley_Cronin22@gmail.com', '$2a$10$sQCkCwdnr8.oL679sNHrHe6GLjyI.FcVRm.PDkxx7S6IB6RnYGUpC', 'Norwood7', '2023-06-13 16:38:28', NULL, '1994-08-06', NULL),
(613, 'Willow26@hotmail.com', '$2a$10$mci39/G.KHswsRf/aQBQH.fVwiqIY2Q.hEPHcV4.PnqQGfJKbm4KS', 'Erik84', '2023-06-13 16:38:28', NULL, '1995-05-19', NULL),
(614, 'Ferne44@yahoo.com', '$2a$10$hpd/ywXBcfTY6NSedsTgpeDba4ad7Hr6FKG90uHm5/rjb7VrTfg.S', 'Jarod66', '2023-06-13 16:38:28', NULL, '1982-09-01', NULL),
(615, 'Daryl.Tillman92@yahoo.com', '$2a$10$zMEKeIen5Tz5rGkptv8a.u/4Z4g.LXB61PMCR3xhabNXFjmirtChK', 'MilanKilback', '2023-06-13 16:38:28', NULL, '1993-08-17', NULL),
(616, 'Antone_Aufderhar29@gmail.com', '$2a$10$bVQKss9Zh6PDEC8XxXv2dOVBgTIdMJHiiW/7BQuV9b9HACYt22UEO', 'Franz92', '2023-06-13 16:38:28', NULL, '1996-04-29', NULL),
(617, 'Madison.Schmeler16@hotmail.com', '$2a$10$aAtf79F6SlMtkBHXxrDjY.wcaCcYHWPdfv00TkcyOe6bFBG2p25fS', 'CheyenneBogan57', '2023-06-13 16:38:28', NULL, '1993-01-12', NULL),
(618, 'Trycia.Stehr21@gmail.com', '$2a$10$Xpx.Qy4zAZ0Xdq5PenVu5uMzOqZGyUCNmfx/TT.xKztCw/50LdZje', 'BertWalker59', '2023-06-13 16:38:28', NULL, '1993-10-29', NULL),
(619, 'Gerson.Friesen@gmail.com', '$2a$10$JndpiaMxDVTOe9WWPjlsM.bkPkkrt69wVQElmSFhsRux0r6q/cjxG', 'DanialBergnaum57', '2023-06-13 16:38:28', NULL, '1987-01-13', NULL),
(620, 'Cicero.Medhurst@yahoo.com', '$2a$10$UdvvdH6SwTWahwZydyQSsOdMBMeLpUQlydCGAsqzLJ4DY3XeRHgTC', 'DeshawnRussel93', '2023-06-13 16:38:28', NULL, '1998-08-04', NULL),
(621, 'Kathlyn_Conn58@gmail.com', '$2a$10$CLNplpaTEKK6BeS2oH4DyeLM/2ANDIV7hQT3XEq9rr7f.CFCpm.z6', 'DejuanRatke', '2023-06-13 16:38:28', NULL, '1993-02-01', NULL),
(622, 'Carmelo.Hammes@hotmail.com', '$2a$10$R347l7dt.q8u0PBkmR055uaF2WBhyTLBTMHlVScUoalRJCD.hD0R6', 'EverettGoldner', '2023-06-13 16:38:28', NULL, '1999-11-04', NULL),
(623, 'Trinity66@yahoo.com', '$2a$10$KRWPhTY8aJAYv1sUcDgzzunAXyqsUZEIgwb5bT1Xmeur3ymSdQrmy', 'AdamFeil', '2023-06-13 16:38:28', NULL, '1992-06-01', NULL),
(624, 'Tanya_Gottlieb@gmail.com', '$2a$10$YHWr1joLjASBu/iNmTpBzuQgK9t.AaRNZEazT9BmYu6.Z3HWV6Veu', 'LeonieTowne48', '2023-06-13 16:38:28', NULL, '1996-02-05', NULL),
(625, 'Mario27@gmail.com', '$2a$10$.FXzhBEFYI3ZEr6w4Hzi9uSy.XzUc407o5aU6L3xM7wLM9RZbcRhy', 'LaurineStrosin', '2023-06-13 16:38:28', NULL, '1985-10-26', NULL),
(626, 'Sydni_Becker@gmail.com', '$2a$10$DIBi.PGGUzf47/nIGtB5WulPYuHukxrKDpqA23rkcOCDXKh5X41T2', 'CathrynLockman', '2023-06-13 16:38:28', NULL, '1999-08-27', NULL),
(627, 'Dariana21@yahoo.com', '$2a$10$e4KCm7XWMERQAfK2H2bBmOfHF75IrJX0XC6WZu.9Gz3rMAtlsX9XS', 'TamaraChamplin38', '2023-06-13 16:38:28', NULL, '1985-10-16', NULL),
(628, 'Chanelle.Abernathy17@yahoo.com', '$2a$10$kqtNlty4mNdWRaQZX4t4Z.ePja/9ggFPvdCWmYGDGAxWalbedYByG', 'PearlineDaniel61', '2023-06-13 16:38:28', NULL, '1987-08-13', NULL),
(629, 'Autumn46@gmail.com', '$2a$10$FE.UPuMGi1og45slLEY9TutmOdmxcUlSoTJEa.SXweejmsUj4iquq', 'Kolby91', '2023-06-13 16:38:28', NULL, '1989-10-25', NULL),
(630, 'Duane.Kuvalis78@hotmail.com', '$2a$10$j3rdK.5wpFI3ON/Po6J/y.UqCxHWTek.hfQI.khtBCVFXXKma0m6y', 'EulaWuckert29', '2023-06-13 16:38:28', NULL, '1982-02-23', NULL),
(631, 'Kaia85@hotmail.com', '$2a$10$r7T.ddWsgGbq/uUh91.ZJO2yxewI/d8eMxAUbMFuYFkkgV9zFlGqi', 'ModestaBradtke18', '2023-06-13 16:38:28', NULL, '1990-02-13', NULL),
(632, 'Coby_Schiller@hotmail.com', '$2a$10$r2btYlviOeQE93RPtCs5qOwvCKifljjaGEPc4NsbKFKpP9jjuopYq', 'AmyaAltenwerth14', '2023-06-13 16:38:28', NULL, '1986-09-09', NULL),
(633, 'Josefa.Okuneva96@yahoo.com', '$2a$10$0Kus7.0QjsH.MHeTSuzjNut9v6xglfxFan5Tbds3/hHE2FVZBQdfm', 'Shemar47', '2023-06-13 16:38:28', NULL, '1986-06-26', NULL),
(634, 'Edgardo.Legros@hotmail.com', '$2a$10$myuTxjprumXuiay5c76wWuvrEnqWuU1h62n7DeRlANSfAF5w8M5Qi', 'BoydHerman88', '2023-06-13 16:38:28', NULL, '1996-03-11', NULL),
(635, 'Marjory_Weissnat@yahoo.com', '$2a$10$yj.U2/VDX0rE4j3HUim3d.429zfr2D9hFsV694KU4hGSScGwFYHiW', 'Enoch84', '2023-06-13 16:38:28', NULL, '1989-10-11', NULL),
(636, 'Adelbert65@yahoo.com', '$2a$10$o1iTw91WuFvb7juZwXTGRuXsgIibR3Kb.FkgTBO1PHRi/LUjSSNjq', 'AlfredBerge98', '2023-06-13 16:38:28', NULL, '1984-12-14', NULL),
(637, 'Domenico_Beahan73@gmail.com', '$2a$10$wKUwl509Qw5b92dg.3u31u7uQiFoEGsVUVWugqCifysD01/WUKRdy', 'DemondKemmer66', '2023-06-13 16:38:28', NULL, '1983-11-17', NULL),
(638, 'Terrell.Boehm@gmail.com', '$2a$10$iIle5pzUCO0BI7LpylCX9u23bXfsPQvUrTSCRGRu/p1FEgcdRU0Ea', 'Kailee15', '2023-06-13 16:38:28', NULL, '1999-02-19', NULL),
(639, 'Jed_OConner88@yahoo.com', '$2a$10$ETkPBjEBJw/4D7q4wCNg2OrR4BbzhXOxfpFtjz6xzcRWAfVPfe/9m', 'ChristaBernhard', '2023-06-13 16:38:28', NULL, '1990-11-20', NULL),
(640, 'Tressa.Reinger9@gmail.com', '$2a$10$7RZ5k6h6ow4hvUlZsI.uHOnYBMDnSr7yPBTs5ZL766Q8T1hqsHPAC', 'CorbinLueilwitz79', '2023-06-13 16:38:28', NULL, '1985-09-09', NULL),
(641, 'Berniece.Orn5@gmail.com', '$2a$10$6LcV0BY6G8LWZCnXv5syv.r2qgrmNga7E7Tmu6wrkH22YulIUgJnC', 'DeborahCarroll94', '2023-06-13 16:38:28', NULL, '1997-03-01', NULL),
(642, 'Noe.Thiel11@hotmail.com', '$2a$10$J1zN2f0kaYokswzTUqV0GungMx/LxN/xL7AYYw/xXht.Vi8u1SB5u', 'Lisette85', '2023-06-13 16:38:28', NULL, '1998-06-24', NULL),
(643, 'Vada_Yost@gmail.com', '$2a$10$VEvSRDzw6yb8TKyP.PgN6upePAk2EHsVx0rl6jgo2473bz4BBEFR.', 'KadenAbernathy', '2023-06-13 16:38:28', NULL, '1984-04-10', NULL),
(644, 'Ericka54@gmail.com', '$2a$10$35hS1Iku6uNnFk9auIKz9e6DiD4pGNm0wrL.B727DrbvdGA8Np5qq', 'HubertSchmeler30', '2023-06-13 16:38:28', NULL, '1999-11-21', NULL),
(645, 'Jasper91@gmail.com', '$2a$10$.BLu8AfMg//p4X26LNbFwORXRqB8QZPmDDOUyVtCcoFbvxPvqcoNW', 'BertaSchneider', '2023-06-13 16:38:28', NULL, '1997-05-20', NULL),
(646, 'Tito18@yahoo.com', '$2a$10$hFfoNuDNQsipRW2zU78nvej0OhJERQrEi8a7N.c1QJJ2pqNl.R5x6', 'EmilioRoob', '2023-06-13 16:38:28', NULL, '1996-04-27', NULL),
(647, 'Lamont58@gmail.com', '$2a$10$PyAOShM6swfXp6Xj5O5VpOc5Cp3V.my6vCFbuFbrkfHpEdMD5nXuu', 'Ethel77', '2023-06-13 16:38:28', NULL, '1994-08-22', NULL),
(648, 'Garrick_Greenfelder85@gmail.com', '$2a$10$df6K1sFN05asFL0o/vrmGON8tYCgKUUBGOg9eJdk2abx20e9702C2', 'ClovisHagenes96', '2023-06-13 16:38:28', NULL, '1989-04-26', NULL),
(649, 'Eveline.Dicki@yahoo.com', '$2a$10$/4Qcmscix6B2qGSP83KiSOTji1hpJ.7IZlmjWZxhSElyZnAcAukkW', 'AntonetteCollins', '2023-06-13 16:38:28', NULL, '1994-01-06', NULL),
(650, 'Jaclyn.Halvorson41@yahoo.com', '$2a$10$zQ1wEO.rbKCVC.mNh431uuPLPO1SmKnK7.W6ACwYRvmWLxaZhvmQC', 'MiaHickle', '2023-06-13 16:38:28', NULL, '1983-10-09', NULL),
(651, 'Kody_Ankunding@gmail.com', '$2a$10$TJRGuQDxTKrd5eOMwLIK4OA1NHcSr42vYXHdJNoSH05LM7X9cXJKa', 'Virginie9', '2023-06-13 16:38:28', NULL, '1998-07-31', NULL),
(652, 'Myriam_Bayer9@yahoo.com', '$2a$10$u41//GewD8ly7EwjRtG5HObUrzktNUH3ogwwlk3T/972gG2HBgRke', 'DonFay', '2023-06-13 16:38:28', NULL, '1991-10-26', NULL),
(653, 'Rosemarie.Walker@yahoo.com', '$2a$10$X0NAdjkCYFOvfeT/BLHIk.nj1YHli2gGAwucDXRLY7T0ox5DFP0GG', 'Frederik55', '2023-06-13 16:38:28', NULL, '1985-11-22', NULL),
(654, 'Araceli65@yahoo.com', '$2a$10$ysM2vriAmoKVFAA867HqbuLX76yUuhmL26UojPILoWrsycdPzwRr.', 'AdeleCollier97', '2023-06-13 16:38:28', NULL, '1994-03-13', NULL),
(655, 'Rachel_Aufderhar@yahoo.com', '$2a$10$oahDrb/1WdQT67Yh24Pi6O9vkfztUAg.P4Ig8UxMBc3JLyknQYUfC', 'Nelle36', '2023-06-13 16:38:28', NULL, '1982-12-02', NULL),
(656, 'Annabelle.Rosenbaum10@yahoo.com', '$2a$10$tLqDf8sbJdhiXOCqnXfggeE0zl4scnFxwJJBcMae.Oach/Bpz9Vim', 'JimmieWeimann24', '2023-06-13 16:38:28', NULL, '1990-08-08', NULL),
(657, 'Doyle82@gmail.com', '$2a$10$D0xWhcAUATDPRDIE5Sc5r.5lwMMulJ1InlnvrUtU77Kaqjq7lEh/u', 'MaggiePaucek53', '2023-06-13 16:38:28', NULL, '1992-02-12', NULL),
(658, 'Krystel_Schneider18@hotmail.com', '$2a$10$S8YDVBEEKnjIRUNNe0l0Juzw/Bg3heWXc1M2ZoC/vxwrIAYEXfTfm', 'DelfinaGoyette6', '2023-06-13 16:38:28', NULL, '1991-05-20', NULL),
(659, 'Marlen_Cummerata54@hotmail.com', '$2a$10$OrQBd7gma8apOtfCTJ7RlO5np64Dfq07fNCF3Xevj2QwjyOvzIie.', 'Foster13', '2023-06-13 16:38:28', NULL, '1995-12-23', NULL),
(660, 'Melvina.Nader@yahoo.com', '$2a$10$J4ql7BYR6BdDDyf12soFseYY50erp1yEfw77T.HUSK/zmNpuFG.JO', 'MikelWaelchi78', '2023-06-13 16:38:28', NULL, '1991-08-02', NULL),
(661, 'Sigrid10@gmail.com', '$2a$10$FJMFoxG5E4tTL0VVyFZ5cedU6gGHlOC0QQPBMtOz99x7lbm53FwR6', 'AbbeyBode8', '2023-06-13 16:38:28', NULL, '1992-08-02', NULL),
(662, 'Amina87@yahoo.com', '$2a$10$JogcAl.DdCixcKj/mmeew.lSKjdB8kLLe7Bt1MQAP4hMRTrg4Ny7K', 'Kieran40', '2023-06-13 16:38:28', NULL, '1983-10-21', NULL),
(663, 'Wyatt_Schowalter46@yahoo.com', '$2a$10$tlUPg65h2TckBGGmg6KjoOfRvSSOMvzWkBbZkg9HL1JSUMSFdLGzS', 'IdellRippin', '2023-06-13 16:38:28', NULL, '1999-03-05', NULL),
(664, 'Alycia_Bednar55@gmail.com', '$2a$10$BSCL/UAbsViVj7IxMQKZyePAlsIDYICsioBvfxEr0sKC7P5arlD/u', 'JamalHahn', '2023-06-13 16:38:28', NULL, '1983-11-06', NULL),
(665, 'Aurelie45@gmail.com', '$2a$10$RnxMPW3BneHTGqh5uZrZEeFu3DTRdlTzN5w.DddL82I.Tv2qPczWe', 'StephanieYundt55', '2023-06-13 16:38:28', NULL, '1992-06-20', NULL),
(666, 'Adelia_Predovic@gmail.com', '$2a$10$Y408ktWIqhYVa8FetDHo1.c0KCBZR7w2KuNEVeB38Y394bxJCB2oW', 'AgustinDickens', '2023-06-13 16:38:28', NULL, '1998-08-31', NULL),
(667, 'Tristian3@gmail.com', '$2a$10$lrQEIZjNOL01WdiC1fRBEezHqwWvJcpjNSb6zwML.wGVvMKe8lLfi', 'Colleen92', '2023-06-13 16:38:28', NULL, '1987-05-09', NULL),
(668, 'Ena.Dach@gmail.com', '$2a$10$QBM7yjks.r1pTcumU8WKcuW1M8AzK1ODOxKs3wIYVbJe8IfZhCJxS', 'Kaleb14', '2023-06-13 16:38:28', NULL, '1995-08-01', NULL),
(669, 'Friedrich.Emard@gmail.com', '$2a$10$PyqxW3sGeRo7dSQ59plfzus5SHnMDBo8ArXkf9dgRmfotfMbZWyhS', 'FaustoLuettgen39', '2023-06-13 16:38:28', NULL, '1999-11-27', NULL),
(670, 'Laisha.Hessel@hotmail.com', '$2a$10$NgCc0rxLFqz21Q/imX0jg.BUfXWjpAHNn67gIZH.kuNNgHY9Ggxdi', 'Dixie96', '2023-06-13 16:38:28', NULL, '1983-09-24', NULL),
(671, 'Jacinthe_Yundt@yahoo.com', '$2a$10$9eiAE2H9aAfJjb9KOZzfaO9rK1M2KY9YqGel6VghzuYwG0tyD5hGW', 'RuthieMuller', '2023-06-13 16:38:28', NULL, '1999-03-27', NULL),
(672, 'Mona17@gmail.com', '$2a$10$8fo/VXqV5X9tfhlsbrQrsuHdSsXp.73oqd6xar8oRDWexFB3vckjm', 'Marian80', '2023-06-13 16:38:28', NULL, '1996-07-03', NULL),
(673, 'Wilburn.Greenfelder@yahoo.com', '$2a$10$DivMUzIBn.b5SOY3tmH2Z.yFLPmsF.NefMl0Xdra71pcFtDGdfHsG', 'KieranLeuschke', '2023-06-13 16:38:28', NULL, '1994-06-01', NULL),
(674, 'Ross56@hotmail.com', '$2a$10$T0um4Sm82y2p7m8IPMr9HOVzQNSg3u5VdD6K/jf6SHM9dc4hPnAle', 'SiennaHilpert', '2023-06-13 16:38:28', NULL, '1998-08-23', NULL),
(675, 'Lavina9@gmail.com', '$2a$10$eKw8.2hkaSoV52Y2EKoi2OFA1z5u8.g3FqifqwpLW7VM48NI1eQhG', 'MarkKub54', '2023-06-13 16:38:28', NULL, '1987-10-18', NULL),
(676, 'Mona_Fisher49@yahoo.com', '$2a$10$1FEWKUnjVHzrxBMzXsIvb.tXWHsUOspXc/Lq9bYItwaSBcfqv1B1K', 'DonnyCrooks', '2023-06-13 16:38:28', NULL, '1996-05-24', NULL),
(677, 'Efrain_Cole56@hotmail.com', '$2a$10$.AbqhZ7aWp/cF6KkaDsT1OnFuL7GEPCH1RXZhjunVdWuEWuQhHAJW', 'LawrenceVeum', '2023-06-13 16:38:28', NULL, '1984-10-21', NULL),
(678, 'Meredith.Hammes@gmail.com', '$2a$10$ifqVqLZSjxiXaSiaJ49.cOoGA1.K.zdqFSZC9VwiWOZ9paF9qe/1C', 'MaximoWolf91', '2023-06-13 16:38:28', NULL, '1998-12-25', NULL),
(679, 'Ressie22@yahoo.com', '$2a$10$x5.MFFMqz/OJCPlUt9EbBeGadP91vJfx91j9rwsfbokHtrslef6vC', 'Victor73', '2023-06-13 16:38:28', NULL, '1984-02-08', NULL),
(680, 'Mossie.Hackett13@yahoo.com', '$2a$10$eRn9lXZiMvskTqcymVd1g.0PnShrekqA1FxpxCYWluCziR5hMXInW', 'WallaceJacobi2', '2023-06-13 16:38:28', NULL, '1998-04-29', NULL),
(681, 'Carolanne_Bayer14@gmail.com', '$2a$10$q6qjyj6mAG/iX2EgXA0usuV8URKrh/.P.2tqF5oxzySU708heWYGW', 'EmmaleeKirlin61', '2023-06-13 16:38:28', NULL, '1998-09-08', NULL),
(682, 'Marjolaine14@yahoo.com', '$2a$10$0mqP79IKOVnVVg5LsMsJQOdaUOzPGfxcBhppabB/RYmh3VSJBn7sS', 'Destin23', '2023-06-13 16:38:28', NULL, '1994-07-04', NULL),
(683, 'Mertie51@hotmail.com', '$2a$10$/KnQWrTx.SwxmJLR4uQX7.ZgK6pRGghIXESdXNamihBM/Tm9V58R6', 'MarcosHeidenreich', '2023-06-13 16:38:28', NULL, '1983-07-17', NULL),
(684, 'Efren.Will@hotmail.com', '$2a$10$bF8WDsen.4AR.sCzu/pXOOOgT41nQVBRRPmTTw7A8mYQmWWJMPXRm', 'EnaStracke25', '2023-06-13 16:38:28', NULL, '1993-08-14', NULL),
(685, 'Preston9@yahoo.com', '$2a$10$YaxDWY.iDPHiae8xpZhMJe9Y4nPW7fmXzT9dxXaxmykTBGQe3ng1W', 'ThoraSchiller52', '2023-06-13 16:38:28', NULL, '1995-07-06', NULL),
(686, 'Lavern51@yahoo.com', '$2a$10$H8S.htUhvWkOoS5iFuDqC..pXZAgPXvpWzcPJG0ldf0t.ZW5c9LBy', 'AlexzanderEmard', '2023-06-13 16:38:28', NULL, '1986-04-10', NULL),
(687, 'Damion63@hotmail.com', '$2a$10$7fwyMHbUU0M/insEWVrVtu7oRg3UlGkwYT3L7cygSe71hTpdsvdy6', 'MyrlRenner77', '2023-06-13 16:38:28', NULL, '1996-05-28', NULL),
(688, 'Hosea.Beatty84@hotmail.com', '$2a$10$sHAbqJpoXLWV.WIR7BT/tuY/4IXtVqXi47373RDj9TBLNMOt0Edi.', 'Chance4', '2023-06-13 16:38:28', NULL, '1986-12-06', NULL),
(689, 'Hilton45@yahoo.com', '$2a$10$J4cqKM5rTrFikEWms2F0Z.tBdngCnedPzuV1CA7XzJnL0MqVxN5S6', 'GertrudeKris', '2023-06-13 16:38:28', NULL, '1999-05-21', NULL),
(690, 'Cullen_Veum8@gmail.com', '$2a$10$6lXfhKJ98IiBw5Kx9kwEVOPZKnlX8XOo5b1FBkfUYMsp6PUZOay5a', 'SheaTowne84', '2023-06-13 16:38:28', NULL, '1993-06-26', NULL),
(691, 'Monserrat.Schaefer35@gmail.com', '$2a$10$6xehubMNmy9HpLunY64xZes.8RWlnIvu567QBBxmYKBSs9DFTPpu.', 'Madisyn64', '2023-06-13 16:38:28', NULL, '1985-12-14', NULL),
(692, 'Domenica44@gmail.com', '$2a$10$8HQzsukqa5MiCMVx/1UfveY.FeHUNzrxV74j5DvD.R69fesEkcLRK', 'MakennaVon', '2023-06-13 16:38:28', NULL, '1985-02-07', NULL),
(693, 'Oswaldo69@gmail.com', '$2a$10$eo7kW1ES8l8SzACXmKZPbuMvnIvGOyD2MZVO.lmiaSmd2khV9GSVO', 'EmilianoSchaden', '2023-06-13 16:38:28', NULL, '1988-12-09', NULL),
(694, 'Alaina.Jakubowski97@gmail.com', '$2a$10$I317KH6yMzpC2myyCvM3dORrbtm6ilN1cvMB4W6G/1ZUYIQNT8o.e', 'Amir0', '2023-06-13 16:38:28', NULL, '1985-09-14', NULL),
(695, 'Arnoldo_Legros@yahoo.com', '$2a$10$8CU18DWE.5g2zuJ0/Q4t4eM16oS1iEk36yOUH6uxj1n.dBjVCCK1W', 'HelgaHerman', '2023-06-13 16:38:28', NULL, '1999-11-17', NULL),
(696, 'Brandon_King39@yahoo.com', '$2a$10$RYWXhsT7E6WSnnXwU8f27OuKGPq4tbaMg3Qh9aAfJSvLGOMnfrWGe', 'Denis17', '2023-06-13 16:38:28', NULL, '1986-07-30', NULL),
(697, 'Salma32@gmail.com', '$2a$10$QuR2qZRib0ANhsk9urDU6eHhOIloMpQ/0FmxE2jQQ8xhDhxITvZMi', 'Ila90', '2023-06-13 16:38:28', NULL, '1991-05-06', NULL),
(698, 'Stefanie91@hotmail.com', '$2a$10$TjULQ1xBhVUvVLiiq9LiLeichHo9xTuxDKkwu7Qf3vkwpvQY60/rG', 'Edgardo88', '2023-06-13 16:38:28', NULL, '1987-10-10', NULL),
(699, 'Marlee.DAmore48@gmail.com', '$2a$10$wjdWBGEIjIKZJtsRTgKi1edmjWpmwt0w7/JCzEcRQzC7xX7SUu0jC', 'Elias39', '2023-06-13 16:38:28', NULL, '1993-03-12', NULL),
(700, 'Deshawn42@hotmail.com', '$2a$10$xS6BmP/cuYDzVh0rU1hg8O.hSSL8nh2drOnElxJwnSLG.xA.twueO', 'Adolph91', '2023-06-13 16:38:28', NULL, '1987-04-14', NULL),
(701, 'Trycia_Dicki74@gmail.com', '$2a$10$sRqZK4MYqRDhERXea/ikf.9EnIdJXJXFxzt.iR1m0fphVMZF/YHRm', 'JudsonRunte', '2023-06-13 16:38:28', NULL, '1987-07-02', NULL),
(702, 'Mazie3@hotmail.com', '$2a$10$e0k3YO.Xu3z2v4tn1Gk28eNyU5z/JRdmdpnmwNHNoow/pev24Ozzu', 'Tanner23', '2023-06-13 16:38:28', NULL, '1983-05-09', NULL),
(703, 'Maximus.Dach@gmail.com', '$2a$10$AYDMg1at65/Qi11hUFdLgO1U4wOnJkQ24fsSs/YcGr.GW9wkMK.ya', 'MyrlSchumm', '2023-06-13 16:38:28', NULL, '1994-11-28', NULL),
(704, 'Brayan_Paucek@yahoo.com', '$2a$10$y50CnFq7zNKgMdl1RRthL.w1uBq6fusIRj.FRxXixLHgslsks7xeC', 'ElnaCollier78', '2023-06-13 16:38:28', NULL, '1985-09-30', NULL),
(705, 'Halie_Conroy@yahoo.com', '$2a$10$wXU2Y1r.5hWrtxgjg.UzxemhW093X03J0mgzMmHufPQOnyYYW6Rqu', 'Lambert50', '2023-06-13 16:38:28', NULL, '1999-01-29', NULL),
(706, 'Zack_Corkery59@gmail.com', '$2a$10$grunHa5ZOsP.1VqIrmp7reXksNHDLAXaRnmPF3sp71kwN5rkaFYAa', 'RyleighMcDermott57', '2023-06-13 16:38:28', NULL, '1994-08-25', NULL),
(707, 'Adrian.Grady@yahoo.com', '$2a$10$PB4CPrwsa4e57qtVYSvG8u3F1/stivRfkhVUIfNgr/zxBfen2aRYa', 'Henderson24', '2023-06-13 16:38:28', NULL, '1988-07-25', NULL),
(708, 'Garrett_Russel29@hotmail.com', '$2a$10$UwhOgWf6FbIqH7g0uZyJgeM7AuR2WImOZreR7la7EgU0IfdShK5Sy', 'Deondre24', '2023-06-13 16:38:28', NULL, '1996-04-30', NULL),
(709, 'Itzel.Ritchie@gmail.com', '$2a$10$1/mJQbhfvkhE7YR1NJb/Vu.4.U8T3L31W08CyYBhnSlFdheT2.cW2', 'Luis10', '2023-06-13 16:38:28', NULL, '1998-03-14', NULL),
(710, 'Makenna9@gmail.com', '$2a$10$Px.g4JG07IeHO6CNBQMHcObqc.ES8qEqoxi4bpl4OEOOQwP40Itoy', 'GregoryMonahan', '2023-06-13 16:38:28', NULL, '1999-10-26', NULL),
(711, 'Anahi_Johnston92@yahoo.com', '$2a$10$/qOmWPPwG/G61eo5/JBkeelvXWAJ.sUUTwkbHYlZ7u2vO9KymuThW', 'JazmynSchultz', '2023-06-13 16:38:28', NULL, '1998-06-27', NULL);
INSERT INTO `users` (`id`, `email`, `password`, `username`, `register_date`, `description`, `birth_date`, `profile_picture`) VALUES
(712, 'Bradly.Turcotte88@hotmail.com', '$2a$10$nhKAzfxFVlszH1Cs.vSxLup.61PHNNapAlgwsEZbbyBAPMwMWyqva', 'JoyceHuels67', '2023-06-13 16:38:28', NULL, '1994-07-24', NULL),
(713, 'Giovanna67@yahoo.com', '$2a$10$J3hSHCHWlXhCNUrrnpszW.VXv.WuPerb21s0uSN5Uu5D1lxVPgHdG', 'CeciliaDouglas72', '2023-06-13 16:38:28', NULL, '1996-06-23', NULL),
(714, 'Lucious_Kautzer0@yahoo.com', '$2a$10$r896bIxoUiihLmBkLDd09OC.6pPYbwlG9JyocaCSS2BvbpEXV68AC', 'KyleQuigley27', '2023-06-13 16:38:28', NULL, '1986-05-07', NULL),
(715, 'Vicenta_Wolff@yahoo.com', '$2a$10$wi1upjwsUPGENPhPEJMUGuAveBCaQ389/NMO/UxjApgTYaf9wZNm.', 'RogersKovacek79', '2023-06-13 16:38:28', NULL, '1992-09-10', NULL),
(716, 'Amiya_Goldner68@hotmail.com', '$2a$10$e6l0Yr8J1ZWx.O731vS2oesMBMzd7IpZsbOmaTIhr2um46SVLWtPy', 'MicaelaBoehm', '2023-06-13 16:38:28', NULL, '1995-07-27', NULL),
(717, 'Sharon34@yahoo.com', '$2a$10$Q8Q4xnFyLaeN0wK/HD.Pa.OPqLjJ8k0n.PqsEbR3GDBcwzNXBP.py', 'Ignatius1', '2023-06-13 16:38:28', NULL, '1998-07-11', NULL),
(718, 'Keyshawn.Schmeler@gmail.com', '$2a$10$iEtCXw8nx19GCSRLrzte0OIiw7agC5HhORvrMPurrD8RQDpudYnSW', 'ElizabethHahn', '2023-06-13 16:38:28', NULL, '1988-08-15', NULL),
(719, 'General.Schiller20@gmail.com', '$2a$10$F4WaP0m72/3H7bvecr.vzueo61O3LJPpwqq8zzr49qdHw29V88J6O', 'JoanneKonopelski0', '2023-06-13 16:38:28', NULL, '1989-12-21', NULL),
(720, 'Carlie.Mayert76@hotmail.com', '$2a$10$Ey0BIbG.emDJl9RNEus6XuQE0GWM/SoPVrFlYwU0oeJRMXO.8wtu.', 'LemuelMacejkovic', '2023-06-13 16:38:28', NULL, '1998-11-19', NULL),
(721, 'Price_Casper2@gmail.com', '$2a$10$nDFM/KSv1HkHuR6u.SLMAe4beA3lEsFig64sSLW3XGfo3l5rlW3LO', 'JaunitaKozey83', '2023-06-13 16:38:28', NULL, '1988-09-12', NULL),
(722, 'Immanuel71@yahoo.com', '$2a$10$VSVl.vpluUFQpfgCfpRJE.t5JumfevuVb0Xsz3jGRL3EQpmWWt8q.', 'BernadetteHackett', '2023-06-13 16:38:28', NULL, '1984-06-12', NULL),
(723, 'Jayce26@hotmail.com', '$2a$10$atIxQUxCoZlx3/1GFTcKMOD6NSc1sh15ireZwIcx7LMsqht2XqdvC', 'KayliKoelpin87', '2023-06-13 16:38:28', NULL, '1992-02-12', NULL),
(724, 'Allen.Nienow@gmail.com', '$2a$10$kqzBPkW8EERJ7qeZQL8C.OCiRYTjR9ZVuriPJvZyjzSdN6pNa7zmi', 'KaylieAbbott73', '2023-06-13 16:38:28', NULL, '1993-05-28', NULL),
(725, 'Aiden30@gmail.com', '$2a$10$c5evS4LxybZ817tZnTat3uiPsY0DoAkIiW22Cso6B4YLIqZjLIQQS', 'DylanThompson94', '2023-06-13 16:38:28', NULL, '1985-03-10', NULL),
(726, 'Janelle_Kohler@gmail.com', '$2a$10$GvNcdOj19PlQmqtotPjRW.DOKfAh3/lzYcYx4wtCboD.9eyahyjYC', 'MarinaFlatley10', '2023-06-13 16:38:28', NULL, '1985-07-09', NULL),
(727, 'Mae75@hotmail.com', '$2a$10$tHIz3YV5Tg1eNUmm3WUnuuRtXohYdIfvaeuRaJ/dIFoMrSsDdH.5q', 'AnnabellPowlowski', '2023-06-13 16:38:28', NULL, '1989-10-18', NULL),
(728, 'Leonor37@hotmail.com', '$2a$10$pq3iSzvPmlIe9x.ZYLHHT.XgMnEgnTbfs1BSRJhei3s4pCipx93Te', 'Ciara12', '2023-06-13 16:38:28', NULL, '1990-12-11', NULL),
(729, 'Deja_Wuckert25@yahoo.com', '$2a$10$NGCvjr4jN5wOnFsUTHdI.OrlMUJJ3vIy9a5ZBARlT5TgaGXLK07d6', 'StephanieNicolas', '2023-06-13 16:38:28', NULL, '1993-09-16', NULL),
(730, 'Genoveva40@hotmail.com', '$2a$10$4ErMje0qwzFdV8ZdPdOREetKpA7cJWBPSW3ejtVLf8x0BFI0yGnlW', 'LornaKrajcik54', '2023-06-13 16:38:28', NULL, '1987-03-28', NULL),
(731, 'Savannah25@yahoo.com', '$2a$10$M.xGOJrG.8laM0aV/DK0vuIdQeYcOnXYqQtYvcryBp66s77Rq4zfS', 'Angelina99', '2023-06-13 16:38:28', NULL, '1983-12-02', NULL),
(732, 'Dina31@hotmail.com', '$2a$10$3PArKEnnpO/ssY.lRpYsrusrlu.TZcaydTpsU8SJuzHQrJSzdZUde', 'Howell30', '2023-06-13 16:38:28', NULL, '1982-05-02', NULL),
(733, 'Kendra.Kozey@gmail.com', '$2a$10$hjJOtxIVKE6Db8v7nB3aL.84w/bd6mbFVKpRsRHODIDrIiVUmppoi', 'Dell33', '2023-06-13 16:38:28', NULL, '1989-02-20', NULL),
(734, 'Jeffrey.Rippin@gmail.com', '$2a$10$2Z2XvshWcclEAcunBDhzZuhXRhwRKksQS8NhQQ1CJ8yzvfzfYiv7i', 'TyrelHarvey49', '2023-06-13 16:38:28', NULL, '1990-02-20', NULL),
(735, 'Maya92@hotmail.com', '$2a$10$sW4G6zDt1c22bTidlvwQKO3kM3CxmPr5fe36iHGWP4JDUSFY1Rf/W', 'SageMosciski3', '2023-06-13 16:38:28', NULL, '1984-01-07', NULL),
(736, 'Graciela_OHara14@gmail.com', '$2a$10$swbz7Yw.LLPKqjb5v6aCEeGdzTNHDwhvyNfyUMG3diP.tLw.di3mC', 'JillianLangworth', '2023-06-13 16:38:28', NULL, '1982-03-16', NULL),
(737, 'Nettie_Stanton39@yahoo.com', '$2a$10$2GpWYGfuUX3fgzWwAOLBTOzycEGSpKqeALazjWLQ3LdBuAW81R.8.', 'AdrianaSchmitt', '2023-06-13 16:38:28', NULL, '1984-08-02', NULL),
(738, 'Marquis_Goyette26@gmail.com', '$2a$10$cx2vlLtKs5tDteCFqyTaT.tnUSgjHYm6dgmkpHsSsSqt1Emo3rGuy', 'EdnaReichel90', '2023-06-13 16:38:28', NULL, '1988-04-19', NULL),
(739, 'Lavina.Greenfelder@hotmail.com', '$2a$10$NIZceoq4pbDmYFK7p6E1le93F2LzW6bnZ178V06ttkx8f6WhLjmK6', 'CarolRyan', '2023-06-13 16:38:28', NULL, '1987-09-12', NULL),
(740, 'Flavie.Kirlin@gmail.com', '$2a$10$c4t7KlhMBKHmHWJmOYgoC.kxc.ErpDJq0T7hKW/d3W4sTSLhNvSmO', 'LoyDoyle', '2023-06-13 16:38:28', NULL, '1993-07-22', NULL),
(741, 'Nestor.Carroll28@gmail.com', '$2a$10$1HfQx7Of0Yp74nb1uIQjj.f/A/xcfbCu2U8ZLZhfq7nfUSyEPOAdO', 'PeteJenkins', '2023-06-13 16:38:28', NULL, '1983-03-03', NULL),
(742, 'Gloria45@yahoo.com', '$2a$10$EDse9gf0Qo1Hz65rra7jYeQQoBeGyyU6FX5.agpDrKfNUV5Tap.1m', 'Miles81', '2023-06-13 16:38:28', NULL, '1983-03-03', NULL),
(743, 'Dalton_White5@hotmail.com', '$2a$10$wma.5OTzgrTI4Doag5lcvO/pyrT/1hFxdmUq77J/iUnvoqfD7/Ah.', 'SadieZulauf62', '2023-06-13 16:38:28', NULL, '1990-07-11', NULL),
(744, 'Jonatan_Orn@gmail.com', '$2a$10$jBcBlz7Yhal2bc7N15MrQOxFp/FELHl69s/a17D1iaUnSj78TOLWC', 'Domenico5', '2023-06-13 16:38:28', NULL, '1982-04-03', NULL),
(745, 'Fritz46@yahoo.com', '$2a$10$OGhmUYytYeOwTEhCJRKkW.s2Af7E8hLm7RqYnzJANsRbYZ4UTtLDi', 'FayDach11', '2023-06-13 16:38:28', NULL, '1998-12-22', NULL),
(746, 'Robbie36@yahoo.com', '$2a$10$10M/aJ98Ts758OQ/VxxnluaOM8y6.QLyq6TlyGXzYxDarIzAuwpcu', 'CyrusGutmann25', '2023-06-13 16:38:28', NULL, '1994-02-27', NULL),
(747, 'Joany_Muller32@gmail.com', '$2a$10$xJogva.AHwGxSI33fmdm4O.4N2amy5rYU3a12CX1lIFwKoTWRstwa', 'Theresa75', '2023-06-13 16:38:28', NULL, '1992-07-04', NULL),
(748, 'Joey_Dooley@gmail.com', '$2a$10$8YUcetwIV432HmJiEBVnlOqVyYWgOHEq/AXcIizA4RJWUaTbBkeuO', 'Ahmad90', '2023-06-13 16:38:28', NULL, '1994-10-04', NULL),
(749, 'Bret68@hotmail.com', '$2a$10$SvFiQc8XXsbwfq5bSMuHaOYKM8amTOQxtZ7LTySVO689fEa47TyLu', 'HalCorkery67', '2023-06-13 16:38:28', NULL, '1995-04-29', NULL),
(750, 'Estella13@gmail.com', '$2a$10$uMI5UWN4aANLHAA.agismOXNWGisYnnGzIwUwse.FqPgB9MBfF0bC', 'ViolaCrona24', '2023-06-13 16:38:28', NULL, '1984-01-23', NULL),
(751, 'Stevie_Wuckert35@gmail.com', '$2a$10$FNrS.U6lqX8NquIuDefXq.zkL38OF01eniQ8hn2T0hHX687.hJs5m', 'MadieGorczany', '2023-06-13 16:38:28', NULL, '1991-05-30', NULL),
(752, 'Benjamin_Johnson67@hotmail.com', '$2a$10$98ZhnnmWptdONXD8lwBZ9uf30UO07xmD3sKYjlXD/RQ225HRqry0a', 'KaylieBoyle46', '2023-06-13 16:38:28', NULL, '1984-05-10', NULL),
(753, 'Wayne.Tillman@hotmail.com', '$2a$10$h1NXvyA2nKgu0ec5.rLQYer6YZ66b5TSp6OG1f57BU1ynkKjdU.l2', 'HarrisonWaters77', '2023-06-13 16:38:28', NULL, '1997-04-16', NULL),
(754, 'Tristian_Sipes94@hotmail.com', '$2a$10$onoviyhH41UOpmP6O2X9cOnV3vMFSqlvcPlVN9gkYsuwZJZrI5NGW', 'ElsieSchoen', '2023-06-13 16:38:28', NULL, '1991-03-11', NULL),
(755, 'Darrin29@gmail.com', '$2a$10$wKfLjCG/l7YyLbkewWx2K.b2JD1J2rgRd/otCEQzKVpK4qlWHjr3i', 'CasperCrooks', '2023-06-13 16:38:28', NULL, '1995-09-26', NULL),
(756, 'Myrtis.Roob66@yahoo.com', '$2a$10$O4zlOgFACtSSTaVJWtqzMeNG4kEKC1IrhMaVB6Kf3XFvQCPeSkrG2', 'KaciGreenfelder64', '2023-06-13 16:38:28', NULL, '1995-08-04', NULL),
(757, 'Zack_Rogahn@gmail.com', '$2a$10$tWBWXJwyanzT8fs54EmOceae/ojmRCN2U8goyCeliQofigjHsjq7q', 'VeronicaStehr', '2023-06-13 16:38:28', NULL, '1995-02-13', NULL),
(758, 'Shaina.Huels@gmail.com', '$2a$10$nXvbAHOBA4B7ZeQ.vdb.V.LukOSeuV6Wdj9q/ETWUjqn0ul9czCwW', 'ErvinQuigley', '2023-06-13 16:38:28', NULL, '1995-12-23', NULL),
(759, 'Shirley88@yahoo.com', '$2a$10$yg04QJh5Br9tZmFKja5oqejxfUATNiA49RwiZEp4GtSVDZhjfwQa6', 'BlancaMoen', '2023-06-13 16:38:28', NULL, '1995-12-08', NULL),
(760, 'Jordy.Terry84@hotmail.com', '$2a$10$cKnCM4yp/BgtIZE3kkV/qO9XclVj1LKP7DCcvey5UOjmt3LU07snW', 'Braden4', '2023-06-13 16:38:28', NULL, '1994-07-19', NULL),
(761, 'Zackary.Goyette89@gmail.com', '$2a$10$k/ZxKYa2J3tXfQhYZJt0I.4di/BztoeLXWRzjc8C5tso0Yt4b8PMi', 'EvanGutkowski', '2023-06-13 16:38:28', NULL, '1982-04-28', NULL),
(762, 'Joanne46@gmail.com', '$2a$10$f9qNAs5oWBYhCZlZrQkCa.gwpkO2qNEh2VLVZ6FXz.aIX7pgRRcHu', 'OthoCartwright', '2023-06-13 16:38:28', NULL, '1990-02-01', NULL),
(763, 'Zella4@gmail.com', '$2a$10$9az9QF7vB39CpKq7ExBH0ebkY9ZckEmicvHnDOGwkx5lVm2PS5qSq', 'AstridWeissnat86', '2023-06-13 16:38:28', NULL, '1991-11-20', NULL),
(764, 'Eugene.Ortiz@hotmail.com', '$2a$10$Z6t.13ZuPvi8/tLfwn7L8efFToVBEThlUInLERAapPIz8DgRjYLle', 'Marcelino99', '2023-06-13 16:38:28', NULL, '1990-12-10', NULL),
(765, 'Jermaine_Crist@yahoo.com', '$2a$10$ZYdDZf3tBNQCS8ip8tSv5u4Wh1N3Eq2vnVCrZ6.frbolbW1sqPHhO', 'Favian14', '2023-06-13 16:38:28', NULL, '1995-12-17', NULL),
(766, 'Clotilde_Boyle58@hotmail.com', '$2a$10$9NA8xmsPdHpPEMh32GO5IePWoT62ovFw90ATDHFMzNXS3vIRh5LMO', 'Rashad20', '2023-06-13 16:38:28', NULL, '1997-03-16', NULL),
(767, 'Easton_Ernser@yahoo.com', '$2a$10$AuKKjND/51kfGU641bHNZeZsgSwJNmfHrTWcmKXxtenJg9JBy1KAi', 'JaniceJohns', '2023-06-13 16:38:28', NULL, '1989-08-07', NULL),
(768, 'Logan.Leffler58@hotmail.com', '$2a$10$t7/42tWu.KWbJYEaiZBhO.0/rXhe1JICtcGxGZdYw16vjn.2Ttlga', 'Kyle44', '2023-06-13 16:38:28', NULL, '1991-05-07', NULL),
(769, 'Joey63@gmail.com', '$2a$10$afoLYUvC85Uf1SXnWr3v6u2CtLuFZ6sdVW.JuulebSF2ZFvcsuL6y', 'RamiroGerlach', '2023-06-13 16:38:28', NULL, '1984-01-26', NULL),
(770, 'Watson.Jerde99@yahoo.com', '$2a$10$ndldtkTo7TFQOttl9qDb7OasBKfiinzgnXsimflIntVq2zx24Igs6', 'Kale78', '2023-06-13 16:38:28', NULL, '1982-12-29', NULL),
(771, 'Orville27@hotmail.com', '$2a$10$ocsDd3/g53rkZAd8eLZJYuqnSi9/cFkGRO.dm3AVS5Rq0XognZdHG', 'RosaliaFay71', '2023-06-13 16:38:28', NULL, '1987-03-04', NULL),
(772, 'Keshawn.Botsford59@gmail.com', '$2a$10$GDsx0y26qpRcxa.59yawtuz1.t/088DIHLLxdHIuN9X/KwiBXGd1S', 'Dameon27', '2023-06-13 16:38:28', NULL, '1997-10-27', NULL),
(773, 'Dylan_Medhurst@hotmail.com', '$2a$10$dfeJ2NmFF8xwCCK4gzJG4.nZ36UKpJRQrcd/Rdd0iK4BDHwrdsfkG', 'MaiyaMurray', '2023-06-13 16:38:28', NULL, '1994-05-09', NULL),
(774, 'Pink.Balistreri76@hotmail.com', '$2a$10$Fx.8ScfgXqPqtWlVwLxcdOXBVsLyYtACKi/NcNN6OwVoEcry66Ejq', 'Caroline75', '2023-06-13 16:38:28', NULL, '1994-09-21', NULL),
(775, 'Dean41@yahoo.com', '$2a$10$FALDPUhnxt7bw/xpH/G./.mqS7K2uUbIoDP35x67pojicp.VKQn6O', 'BarneyRutherford73', '2023-06-13 16:38:28', NULL, '1988-07-16', NULL),
(776, 'Brock_Johnson@hotmail.com', '$2a$10$5T8NaJVmIpjJ5kbhKBCiw.CgfaSS/QEe5eS1u6jpvNO3itDB4nfai', 'ChristyMarvin21', '2023-06-13 16:38:28', NULL, '1991-01-17', NULL),
(777, 'Liliana.Jacobson74@hotmail.com', '$2a$10$dfBWOGTD2Dvtv3but8W2DuWJ/5xw/Fk9sS1kScbKfN6DiHgKpJbu6', 'EdmondWeber', '2023-06-13 16:38:28', NULL, '1988-01-01', NULL),
(778, 'Amira_Pacocha@hotmail.com', '$2a$10$I3KAzRI0S5CzjeSinaZiQeIArXlWCA3PLSbuo7024BkgYkjxUJ3Bm', 'KaraMayer1', '2023-06-13 16:38:28', NULL, '1987-04-22', NULL),
(779, 'Damon_Johnson@yahoo.com', '$2a$10$znWtnz6xPE3aTpGJskdbXOPyT3hPCt3wATQXZlUUpz0dL2MEiBTX2', 'MandyWolf7', '2023-06-13 16:38:28', NULL, '1992-10-01', NULL),
(780, 'Alejandrin64@hotmail.com', '$2a$10$usr46OHnJuy1qsdfswd.ueqFd0XOafDn9yZMishsISJZQ.s13xJ.y', 'GabriellaLeuschke', '2023-06-13 16:38:28', NULL, '1996-09-04', NULL),
(781, 'Karolann_Jakubowski44@gmail.com', '$2a$10$n7eFCKQHhVcEt1meio.aZukqGOeP1SccPf1yX//CU7sqHYOpM4Qpm', 'MorrisTromp', '2023-06-13 16:38:28', NULL, '1996-03-17', NULL),
(782, 'Betsy.Schinner8@gmail.com', '$2a$10$SFQIj56rUPob4qaeDGt7X.dUyb.3a4X20RoT/IJ/22f8vhl1fMria', 'Brooks67', '2023-06-13 16:38:28', NULL, '1989-06-26', NULL),
(783, 'Branson.Hagenes55@yahoo.com', '$2a$10$lTqaLDKXhQtN2WbmOknek..tKwSDnSBOxBXOeHQBoGn46bILjovva', 'Meredith30', '2023-06-13 16:38:28', NULL, '1986-02-13', NULL),
(784, 'Brando_Lynch33@yahoo.com', '$2a$10$k6A9PdeAEkx9JocF/jp2MugxXhuUJeHteva2nnRH/ATzYlLJyOI8i', 'Alec21', '2023-06-13 16:38:28', NULL, '1998-08-02', NULL),
(785, 'Giovanna28@gmail.com', '$2a$10$yXKscQ.t.QwXJC1P8DxitOjVtr8PVAaRyB18tcwSB20MYFFdEyvsu', 'ClovisQuigley77', '2023-06-13 16:38:28', NULL, '1986-01-20', NULL),
(786, 'Milo46@yahoo.com', '$2a$10$7l5qArRI4ZX9rCFvgkbwo.2yPe2P6jvluOD/1eg5fhwkUCYQvCAfK', 'Minerva24', '2023-06-13 16:38:28', NULL, '1998-07-11', NULL),
(787, 'Quinten.Marks@hotmail.com', '$2a$10$/GhXrX8DXqaR/6135xUC.uBInce2Amx/czSN89EVRfdWQDS0J6OMG', 'Mckenzie94', '2023-06-13 16:38:28', NULL, '1999-05-12', NULL),
(788, 'Art_Ward46@yahoo.com', '$2a$10$99hpclbO4pFLPih/pzAliOFgQrClWL4p9l/o5wnTBZHgSdiyiv0S6', 'PetraHaag77', '2023-06-13 16:38:28', NULL, '1993-10-06', NULL),
(789, 'Katelin.Orn@yahoo.com', '$2a$10$Ly.Fm27zmY4k3aIEMUXPFORBDHHLuaSGrMW85qjr.IwjzWcrm/6x2', 'Frank40', '2023-06-13 16:38:28', NULL, '1990-12-29', NULL),
(790, 'Mikayla.Konopelski18@hotmail.com', '$2a$10$06IpAEiLpBerZBtq517Vse9.PZ0lP73Cd2JzxkyAwqWt981jRMtp.', 'RaeganNader', '2023-06-13 16:38:28', NULL, '1987-07-21', NULL),
(791, 'Adan22@yahoo.com', '$2a$10$.sBHchj57bLCgyYsI0XH/OgS5ptFMXiyWMdZfE5PAsHevEkKJQZG.', 'ErvinCarter76', '2023-06-13 16:38:28', NULL, '1996-04-21', NULL),
(792, 'Janet.Keebler87@yahoo.com', '$2a$10$dDWefpv6bRQlwvAMzG.c6ueyJvKFOGd5SIme0ROzqied6WNnFzmn6', 'HalleLebsack', '2023-06-13 16:38:28', NULL, '1999-03-06', NULL),
(793, 'Rod_Becker@yahoo.com', '$2a$10$YZcTq0/6sE3Pel.abrQPyOEw3maTuwQoiTm46g2QFohahwkcOuXb6', 'LeonardBednar62', '2023-06-13 16:38:28', NULL, '1992-06-17', NULL),
(794, 'Elliot61@hotmail.com', '$2a$10$kvFCJKWeb1C0f7s5zlllbeMlhJ97V..V9AWTwZM0hvtdKXeLkG6xG', 'Velma6', '2023-06-13 16:38:28', NULL, '1994-04-27', NULL),
(795, 'noa@noa.com', '$2a$10$ji2sBJMBrD10EvUL2Zt.LuMi1GE7bG0da0fhrbDeRpJHTN4TfTI1.', 'noa', '2023-06-13 16:46:57', NULL, NULL, NULL),
(796, 'test250@gmail.com', '$2a$10$kvwKsNrvKJbgAcSflNcIf.APFNIHt2Xd8zRXklOqMbQ7c6XvfiWM.', 'test250', '2023-06-15 11:49:23', NULL, NULL, NULL),
(797, 'test500@gmail.com', '$2a$10$eFQc0Ybvwloz/9069ZXGpOrrtsTbegq5M6SIpnBCGdy.kaZI83okK', 'test500', '2023-06-15 12:01:29', NULL, NULL, NULL),
(799, 'test800@gmail.com', '$2a$10$eT7.U6GFwHY/zUGbtfZSq.IVo8gEV.GQP8YQVDppYrwRu3xghpVHK', 'test800', '2023-06-15 15:17:27', NULL, NULL, NULL),
(800, 'perso@valentinlamine.fr', '$2a$10$1uVDEbliie0fJbkHQjNUzer.THWyQ7aug.720QJUrxisWOjr9RH2O', 'ValouzVersionUserSansPerm', '2023-06-18 09:46:37', NULL, NULL, NULL),
(801, 'ratio@valentinlamine.fr', '$2a$10$EUs55TkPWhvBIIyl.IE3Je25pCMvt9.Tm7fUp5ckis9OH7Ofuqt5O', 'Leratioenpersonne', '2023-06-18 15:49:37', NULL, NULL, NULL),
(802, 'test200@gmail.com', '$2a$10$fI3l4fJZ7AMzyxCn4vCSaeuUXw52JqN18ruH4KvclNqxxRme9nVV2', 'test200', '2023-06-18 18:10:00', NULL, NULL, NULL),
(803, 'matteoTest@gmail.com', '$2a$10$AzZ9Y/paxyPC58JchNEg5uQoetmETEU7q8aO/K4nbkPm7Arf1qheu', 'TcT_gamerz', '2023-06-18 19:14:32', NULL, NULL, NULL);

-- --------------------------------------------------------

--
-- Table structure for table `users_followed_topics`
--

DROP TABLE IF EXISTS `users_followed_topics`;
CREATE TABLE IF NOT EXISTS `users_followed_topics` (
  `user_id` int NOT NULL,
  `topic_id` int NOT NULL,
  PRIMARY KEY (`user_id`,`topic_id`),
  KEY `topic_id` (`topic_id`)
) ENGINE=InnoDB DEFAULT CHARSET=latin1 COLLATE=latin1_bin;

--
-- Dumping data for table `users_followed_topics`
--

INSERT INTO `users_followed_topics` (`user_id`, `topic_id`) VALUES
(1, 1),
(800, 1),
(1, 2),
(6, 2),
(1, 3),
(5, 3),
(800, 3),
(1, 4),
(4, 4),
(800, 4),
(1, 70),
(800, 70),
(1, 71),
(1, 85);

-- --------------------------------------------------------

--
-- Table structure for table `users_messages_interactions`
--

DROP TABLE IF EXISTS `users_messages_interactions`;
CREATE TABLE IF NOT EXISTS `users_messages_interactions` (
  `user_id` int NOT NULL,
  `message_id` int NOT NULL,
  `status` varchar(32) CHARACTER SET latin1 COLLATE latin1_bin NOT NULL,
  PRIMARY KEY (`user_id`,`message_id`,`status`),
  KEY `message_id` (`message_id`)
) ENGINE=InnoDB DEFAULT CHARSET=latin1 COLLATE=latin1_bin;

--
-- Dumping data for table `users_messages_interactions`
--

INSERT INTO `users_messages_interactions` (`user_id`, `message_id`, `status`) VALUES
(1, 1, 'upvote'),
(2, 1, 'upvote'),
(3, 1, 'upvote'),
(4, 1, 'downvote'),
(5, 1, 'downvote'),
(1, 2, 'upvote'),
(2, 2, 'upvote'),
(4, 2, 'downvote'),
(5, 2, 'downvote'),
(1, 3, 'upvote'),
(2, 3, 'upvote'),
(4, 3, 'upvote'),
(5, 3, 'upvote'),
(1, 4, 'upvote'),
(2, 4, 'upvote'),
(4, 4, 'upvote'),
(5, 4, 'upvote'),
(1, 5, 'upvote'),
(2, 5, 'upvote'),
(4, 5, 'upvote'),
(5, 5, 'downvote'),
(1, 6, 'upvote'),
(2, 6, 'upvote'),
(4, 6, 'upvote'),
(5, 6, 'downvote'),
(1, 7, 'upvote'),
(2, 7, 'upvote'),
(4, 7, 'downvote'),
(5, 7, 'downvote'),
(1, 8, 'upvote'),
(2, 8, 'upvote'),
(4, 8, 'downvote'),
(5, 8, 'downvote'),
(1, 9, 'upvote'),
(2, 9, 'downvote'),
(4, 9, 'downvote'),
(5, 9, 'downvote'),
(6, 9, 'downvote'),
(7, 9, 'downvote'),
(1, 10, 'report'),
(1, 10, 'upvote'),
(2, 10, 'upvote'),
(1, 11, 'upvote'),
(2, 11, 'upvote'),
(1, 12, 'upvote'),
(2, 12, 'upvote'),
(4, 12, 'downvote'),
(5, 12, 'downvote'),
(1, 13, 'upvote'),
(2, 13, 'upvote'),
(4, 13, 'upvote'),
(1, 14, 'downvote'),
(2, 14, 'downvote'),
(4, 14, 'downvote'),
(1, 15, 'upvote'),
(2, 15, 'upvote'),
(4, 15, 'downvote'),
(1, 69, 'upvote'),
(3, 69, 'downvote'),
(3, 69, 'upvote'),
(1, 133, 'downvote'),
(1, 133, 'upvote');

-- --------------------------------------------------------

--
-- Table structure for table `users_roles`
--

DROP TABLE IF EXISTS `users_roles`;
CREATE TABLE IF NOT EXISTS `users_roles` (
  `user_id` int NOT NULL,
  `role_id` int NOT NULL,
  PRIMARY KEY (`user_id`,`role_id`),
  KEY `role_id` (`role_id`)
) ENGINE=InnoDB DEFAULT CHARSET=latin1 COLLATE=latin1_bin;

--
-- Dumping data for table `users_roles`
--

INSERT INTO `users_roles` (`user_id`, `role_id`) VALUES
(1, 1),
(3, 1),
(2, 2),
(3, 2),
(1, 3),
(2, 3),
(3, 3),
(4, 3),
(5, 3),
(6, 3),
(7, 3),
(8, 3),
(9, 3),
(10, 3),
(411, 3),
(412, 3),
(413, 3),
(414, 3),
(415, 3),
(416, 3),
(417, 3),
(418, 3),
(419, 3),
(420, 3),
(421, 3),
(422, 3),
(423, 3),
(424, 3),
(425, 3),
(426, 3),
(427, 3),
(428, 3),
(429, 3),
(430, 3),
(431, 3),
(432, 3),
(433, 3),
(434, 3),
(435, 3),
(436, 3),
(437, 3),
(438, 3),
(439, 3),
(440, 3),
(441, 3),
(442, 3),
(443, 3),
(444, 3),
(445, 3),
(446, 3),
(447, 3),
(448, 3),
(449, 3),
(450, 3),
(451, 3),
(452, 3),
(453, 3),
(454, 3),
(455, 3),
(456, 3),
(457, 3),
(458, 3),
(459, 3),
(460, 3),
(461, 3),
(462, 3),
(463, 3),
(464, 3),
(465, 3),
(466, 3),
(467, 3),
(468, 3),
(469, 3),
(470, 3),
(471, 3),
(472, 3),
(473, 3),
(474, 3),
(475, 3),
(476, 3),
(477, 3),
(478, 3),
(479, 3),
(480, 3),
(481, 3),
(482, 3),
(483, 3),
(484, 3),
(485, 3),
(486, 3),
(487, 3),
(488, 3),
(489, 3),
(490, 3),
(491, 3),
(492, 3),
(493, 3),
(494, 3),
(495, 3),
(496, 3),
(497, 3),
(498, 3),
(499, 3),
(500, 3),
(501, 3),
(502, 3),
(503, 3),
(504, 3),
(505, 3),
(506, 3),
(507, 3),
(508, 3),
(509, 3),
(510, 3),
(511, 3),
(512, 3),
(513, 3),
(514, 3),
(515, 3),
(516, 3),
(517, 3),
(518, 3),
(519, 3),
(520, 3),
(521, 3),
(522, 3),
(523, 3),
(524, 3),
(525, 3),
(526, 3),
(527, 3),
(528, 3),
(529, 3),
(530, 3),
(531, 3),
(532, 3),
(533, 3),
(534, 3),
(535, 3),
(536, 3),
(537, 3),
(538, 3),
(539, 3),
(540, 3),
(541, 3),
(542, 3),
(543, 3),
(544, 3),
(545, 3),
(546, 3),
(547, 3),
(548, 3),
(549, 3),
(550, 3),
(551, 3),
(552, 3),
(553, 3),
(554, 3),
(555, 3),
(556, 3),
(557, 3),
(558, 3),
(559, 3),
(560, 3),
(561, 3),
(562, 3),
(563, 3),
(564, 3),
(565, 3),
(566, 3),
(567, 3),
(568, 3),
(569, 3),
(570, 3),
(571, 3),
(572, 3),
(573, 3),
(574, 3),
(575, 3),
(576, 3),
(577, 3),
(578, 3),
(579, 3),
(580, 3),
(581, 3),
(582, 3),
(583, 3),
(584, 3),
(585, 3),
(586, 3),
(587, 3),
(588, 3),
(589, 3),
(590, 3),
(591, 3),
(592, 3),
(593, 3),
(594, 3),
(595, 3),
(596, 3),
(597, 3),
(598, 3),
(599, 3),
(600, 3),
(601, 3),
(602, 3),
(603, 3),
(604, 3),
(605, 3),
(606, 3),
(607, 3),
(608, 3),
(609, 3),
(610, 3),
(611, 3),
(612, 3),
(613, 3),
(614, 3),
(615, 3),
(616, 3),
(617, 3),
(618, 3),
(619, 3),
(620, 3),
(621, 3),
(622, 3),
(623, 3),
(624, 3),
(625, 3),
(626, 3),
(627, 3),
(628, 3),
(629, 3),
(630, 3),
(631, 3),
(632, 3),
(633, 3),
(634, 3),
(635, 3),
(636, 3),
(637, 3),
(638, 3),
(639, 3),
(640, 3),
(641, 3),
(642, 3),
(643, 3),
(644, 3),
(645, 3),
(646, 3),
(647, 3),
(648, 3),
(649, 3),
(650, 3),
(651, 3),
(652, 3),
(653, 3),
(654, 3),
(655, 3),
(656, 3),
(657, 3),
(658, 3),
(659, 3),
(660, 3),
(661, 3),
(662, 3),
(663, 3),
(664, 3),
(665, 3),
(666, 3),
(667, 3),
(668, 3),
(669, 3),
(670, 3),
(671, 3),
(672, 3),
(673, 3),
(674, 3),
(675, 3),
(676, 3),
(677, 3),
(678, 3),
(679, 3),
(680, 3),
(681, 3),
(682, 3),
(683, 3),
(684, 3),
(685, 3),
(686, 3),
(687, 3),
(688, 3),
(689, 3),
(690, 3),
(691, 3),
(692, 3),
(693, 3),
(694, 3),
(695, 3),
(696, 3),
(697, 3),
(698, 3),
(699, 3),
(700, 3),
(701, 3),
(702, 3),
(703, 3),
(704, 3),
(705, 3),
(706, 3),
(707, 3),
(708, 3),
(709, 3),
(710, 3),
(711, 3),
(712, 3),
(713, 3),
(714, 3),
(715, 3),
(716, 3),
(717, 3),
(718, 3),
(719, 3),
(720, 3),
(721, 3),
(722, 3),
(723, 3),
(724, 3),
(725, 3),
(726, 3),
(727, 3),
(728, 3),
(729, 3),
(730, 3),
(731, 3),
(732, 3),
(733, 3),
(734, 3),
(735, 3),
(736, 3),
(737, 3),
(738, 3),
(739, 3),
(740, 3),
(741, 3),
(742, 3),
(743, 3),
(744, 3),
(745, 3),
(746, 3),
(747, 3),
(748, 3),
(749, 3),
(750, 3),
(751, 3),
(752, 3),
(753, 3),
(754, 3),
(755, 3),
(756, 3),
(757, 3),
(758, 3),
(759, 3),
(760, 3),
(761, 3),
(762, 3),
(763, 3),
(764, 3),
(765, 3),
(766, 3),
(767, 3),
(768, 3),
(769, 3),
(770, 3),
(771, 3),
(772, 3),
(773, 3),
(774, 3),
(775, 3),
(776, 3),
(777, 3),
(778, 3),
(779, 3),
(780, 3),
(781, 3),
(782, 3),
(783, 3),
(784, 3),
(785, 3),
(786, 3),
(787, 3),
(788, 3),
(789, 3),
(790, 3),
(791, 3),
(792, 3),
(793, 3),
(794, 3),
(795, 3),
(796, 3),
(797, 3),
(799, 3),
(800, 3),
(801, 3),
(802, 3),
(803, 3),
(5, 4);

--
-- Constraints for dumped tables
--

--
-- Constraints for table `messages`
--
ALTER TABLE `messages`
  ADD CONSTRAINT `messages_ibfk_1` FOREIGN KEY (`user_id`) REFERENCES `users` (`id`) ON DELETE CASCADE ON UPDATE CASCADE,
  ADD CONSTRAINT `messages_ibfk_2` FOREIGN KEY (`topic_id`) REFERENCES `topic` (`id`) ON DELETE CASCADE ON UPDATE CASCADE;

--
-- Constraints for table `messages_files`
--
ALTER TABLE `messages_files`
  ADD CONSTRAINT `messages_files_ibfk_1` FOREIGN KEY (`message_id`) REFERENCES `messages` (`id`),
  ADD CONSTRAINT `messages_files_ibfk_2` FOREIGN KEY (`file_id`) REFERENCES `files` (`id`);

--
-- Constraints for table `roles_permissions`
--
ALTER TABLE `roles_permissions`
  ADD CONSTRAINT `roles_permissions_ibfk_1` FOREIGN KEY (`role_id`) REFERENCES `roles` (`id`),
  ADD CONSTRAINT `roles_permissions_ibfk_2` FOREIGN KEY (`permission_id`) REFERENCES `permissions` (`id`);

--
-- Constraints for table `topic`
--
ALTER TABLE `topic`
  ADD CONSTRAINT `topic_ibfk_1` FOREIGN KEY (`user_id`) REFERENCES `users` (`id`);

--
-- Constraints for table `topic_tags`
--
ALTER TABLE `topic_tags`
  ADD CONSTRAINT `topic_tags_ibfk_2` FOREIGN KEY (`tag_id`) REFERENCES `tag` (`id`);

--
-- Constraints for table `users_followed_topics`
--
ALTER TABLE `users_followed_topics`
  ADD CONSTRAINT `users_followed_topics_ibfk_1` FOREIGN KEY (`user_id`) REFERENCES `users` (`id`) ON DELETE CASCADE,
  ADD CONSTRAINT `users_followed_topics_ibfk_2` FOREIGN KEY (`topic_id`) REFERENCES `topic` (`id`) ON DELETE CASCADE;

--
-- Constraints for table `users_messages_interactions`
--
ALTER TABLE `users_messages_interactions`
  ADD CONSTRAINT `users_messages_interactions_ibfk_1` FOREIGN KEY (`user_id`) REFERENCES `users` (`id`),
  ADD CONSTRAINT `users_messages_interactions_ibfk_2` FOREIGN KEY (`message_id`) REFERENCES `messages` (`id`);

--
-- Constraints for table `users_roles`
--
ALTER TABLE `users_roles`
  ADD CONSTRAINT `users_roles_ibfk_1` FOREIGN KEY (`user_id`) REFERENCES `users` (`id`),
  ADD CONSTRAINT `users_roles_ibfk_2` FOREIGN KEY (`role_id`) REFERENCES `roles` (`id`);
COMMIT;

/*!40101 SET CHARACTER_SET_CLIENT=@OLD_CHARACTER_SET_CLIENT */;
/*!40101 SET CHARACTER_SET_RESULTS=@OLD_CHARACTER_SET_RESULTS */;
/*!40101 SET COLLATION_CONNECTION=@OLD_COLLATION_CONNECTION */;
